{"pages":["custom.png"],"chars":[{"id":8240,"index":246,"char":"‰","width":50,"height":34,"xoffset":1,"yoffset":15,"xadvance":51,"chnl":15,"x":0,"y":0,"page":0},{"id":311,"index":201,"char":"ķ","width":25,"height":49,"xoffset":1,"yoffset":13,"xadvance":23,"chnl":15,"x":0,"y":35,"page":0},{"id":342,"index":212,"char":"Ŗ","width":27,"height":48,"xoffset":1,"yoffset":15,"xadvance":27,"chnl":15,"x":0,"y":85,"page":0},{"id":197,"index":134,"char":"Å","width":30,"height":47,"xoffset":-1,"yoffset":2,"xadvance":27,"chnl":15,"x":26,"y":35,"page":0},{"id":210,"index":147,"char":"Ò","width":28,"height":45,"xoffset":0,"yoffset":5,"xadvance":27,"chnl":15,"x":0,"y":134,"page":0},{"id":211,"index":148,"char":"Ó","width":28,"height":45,"xoffset":0,"yoffset":5,"xadvance":27,"chnl":15,"x":28,"y":83,"page":0},{"id":217,"index":154,"char":"Ù","width":27,"height":45,"xoffset":1,"yoffset":5,"xadvance":28,"chnl":15,"x":0,"y":180,"page":0},{"id":218,"index":155,"char":"Ú","width":27,"height":45,"xoffset":1,"yoffset":5,"xadvance":28,"chnl":15,"x":0,"y":226,"page":0},{"id":106,"index":77,"char":"j","width":14,"height":44,"xoffset":-3,"yoffset":12,"xadvance":12,"chnl":15,"x":0,"y":272,"page":0},{"id":192,"index":129,"char":"À","width":30,"height":44,"xoffset":-1,"yoffset":5,"xadvance":27,"chnl":15,"x":0,"y":317,"page":0},{"id":193,"index":130,"char":"Á","width":30,"height":44,"xoffset":-1,"yoffset":5,"xadvance":27,"chnl":15,"x":15,"y":272,"page":0},{"id":194,"index":131,"char":"Â","width":30,"height":44,"xoffset":-1,"yoffset":5,"xadvance":27,"chnl":15,"x":28,"y":180,"page":0},{"id":200,"index":137,"char":"È","width":24,"height":44,"xoffset":1,"yoffset":5,"xadvance":25,"chnl":15,"x":28,"y":225,"page":0},{"id":201,"index":138,"char":"É","width":24,"height":44,"xoffset":1,"yoffset":5,"xadvance":25,"chnl":15,"x":29,"y":129,"page":0},{"id":202,"index":139,"char":"Ê","width":24,"height":44,"xoffset":1,"yoffset":5,"xadvance":25,"chnl":15,"x":54,"y":129,"page":0},{"id":204,"index":141,"char":"Ì","width":12,"height":44,"xoffset":-1,"yoffset":5,"xadvance":13,"chnl":15,"x":57,"y":0,"page":0},{"id":205,"index":142,"char":"Í","width":12,"height":44,"xoffset":1,"yoffset":5,"xadvance":13,"chnl":15,"x":57,"y":45,"page":0},{"id":206,"index":143,"char":"Î","width":17,"height":44,"xoffset":-2,"yoffset":5,"xadvance":13,"chnl":15,"x":70,"y":0,"page":0},{"id":212,"index":149,"char":"Ô","width":28,"height":44,"xoffset":0,"yoffset":5,"xadvance":27,"chnl":15,"x":70,"y":45,"page":0},{"id":214,"index":151,"char":"Ö","width":28,"height":44,"xoffset":0,"yoffset":6,"xadvance":27,"chnl":15,"x":88,"y":0,"page":0},{"id":219,"index":156,"char":"Û","width":27,"height":44,"xoffset":1,"yoffset":5,"xadvance":28,"chnl":15,"x":0,"y":362,"page":0},{"id":220,"index":157,"char":"Ü","width":27,"height":44,"xoffset":1,"yoffset":6,"xadvance":28,"chnl":15,"x":0,"y":407,"page":0},{"id":221,"index":158,"char":"Ý","width":28,"height":44,"xoffset":-2,"yoffset":5,"xadvance":24,"chnl":15,"x":0,"y":452,"page":0},{"id":253,"index":190,"char":"ý","width":24,"height":44,"xoffset":-1,"yoffset":12,"xadvance":23,"chnl":15,"x":28,"y":362,"page":0},{"id":254,"index":191,"char":"þ","width":23,"height":44,"xoffset":1,"yoffset":13,"xadvance":24,"chnl":15,"x":31,"y":317,"page":0},{"id":308,"index":199,"char":"Ĵ","width":26,"height":44,"xoffset":-2,"yoffset":5,"xadvance":22,"chnl":15,"x":28,"y":407,"page":0},{"id":309,"index":200,"char":"ĵ","width":17,"height":44,"xoffset":-3,"yoffset":12,"xadvance":12,"chnl":15,"x":53,"y":362,"page":0},{"id":323,"index":207,"char":"Ń","width":28,"height":44,"xoffset":1,"yoffset":5,"xadvance":29,"chnl":15,"x":46,"y":270,"page":0},{"id":340,"index":211,"char":"Ŕ","width":27,"height":44,"xoffset":1,"yoffset":5,"xadvance":27,"chnl":15,"x":53,"y":225,"page":0},{"id":344,"index":214,"char":"Ř","width":27,"height":44,"xoffset":1,"yoffset":5,"xadvance":27,"chnl":15,"x":55,"y":315,"page":0},{"id":352,"index":216,"char":"Š","width":26,"height":44,"xoffset":-1,"yoffset":5,"xadvance":25,"chnl":15,"x":75,"y":270,"page":0},{"id":381,"index":219,"char":"Ž","width":24,"height":44,"xoffset":-1,"yoffset":5,"xadvance":23,"chnl":15,"x":59,"y":174,"page":0},{"id":195,"index":132,"char":"Ã","width":30,"height":43,"xoffset":-1,"yoffset":6,"xadvance":27,"chnl":15,"x":81,"y":219,"page":0},{"id":196,"index":133,"char":"Ä","width":30,"height":43,"xoffset":-1,"yoffset":6,"xadvance":27,"chnl":15,"x":79,"y":90,"page":0},{"id":203,"index":140,"char":"Ë","width":24,"height":43,"xoffset":1,"yoffset":6,"xadvance":25,"chnl":15,"x":99,"y":45,"page":0},{"id":207,"index":144,"char":"Ï","width":19,"height":43,"xoffset":-3,"yoffset":6,"xadvance":13,"chnl":15,"x":117,"y":0,"page":0},{"id":209,"index":146,"char":"Ñ","width":28,"height":43,"xoffset":1,"yoffset":6,"xadvance":30,"chnl":15,"x":84,"y":134,"page":0},{"id":213,"index":150,"char":"Õ","width":28,"height":43,"xoffset":0,"yoffset":6,"xadvance":27,"chnl":15,"x":110,"y":89,"page":0},{"id":255,"index":192,"char":"ÿ","width":24,"height":43,"xoffset":-2,"yoffset":13,"xadvance":21,"chnl":15,"x":124,"y":44,"page":0},{"id":296,"index":194,"char":"Ĩ","width":19,"height":43,"xoffset":-3,"yoffset":6,"xadvance":13,"chnl":15,"x":137,"y":0,"page":0},{"id":376,"index":218,"char":"Ÿ","width":28,"height":43,"xoffset":-2,"yoffset":6,"xadvance":24,"chnl":15,"x":0,"y":497,"page":0},{"id":402,"index":221,"char":"ƒ","width":20,"height":43,"xoffset":-2,"yoffset":13,"xadvance":16,"chnl":15,"x":0,"y":541,"page":0},{"id":36,"index":7,"char":"$","width":23,"height":42,"xoffset":-1,"yoffset":12,"xadvance":21,"chnl":15,"x":0,"y":585,"page":0},{"id":40,"index":11,"char":"(","width":14,"height":42,"xoffset":0,"yoffset":11,"xadvance":14,"chnl":15,"x":21,"y":541,"page":0},{"id":41,"index":12,"char":")","width":14,"height":42,"xoffset":0,"yoffset":11,"xadvance":14,"chnl":15,"x":29,"y":452,"page":0},{"id":198,"index":135,"char":"Æ","width":42,"height":34,"xoffset":-1,"yoffset":15,"xadvance":41,"chnl":15,"x":84,"y":178,"page":0},{"id":338,"index":209,"char":"Œ","width":42,"height":34,"xoffset":0,"yoffset":15,"xadvance":41,"chnl":15,"x":113,"y":133,"page":0},{"id":343,"index":213,"char":"ŗ","width":18,"height":42,"xoffset":0,"yoffset":21,"xadvance":16,"chnl":15,"x":139,"y":88,"page":0},{"id":8212,"index":235,"char":"—","width":42,"height":9,"xoffset":0,"yoffset":30,"xadvance":43,"chnl":15,"x":113,"y":168,"page":0},{"id":8225,"index":243,"char":"‡","width":24,"height":42,"xoffset":0,"yoffset":15,"xadvance":24,"chnl":15,"x":149,"y":44,"page":0},{"id":8747,"index":260,"char":"∫","width":20,"height":42,"xoffset":0,"yoffset":15,"xadvance":20,"chnl":15,"x":157,"y":0,"page":0},{"id":64,"index":35,"char":"@","width":38,"height":41,"xoffset":-1,"yoffset":15,"xadvance":36,"chnl":15,"x":29,"y":495,"page":0},{"id":87,"index":58,"char":"W","width":41,"height":34,"xoffset":-2,"yoffset":15,"xadvance":37,"chnl":15,"x":44,"y":452,"page":0},{"id":199,"index":136,"char":"Ç","width":26,"height":41,"xoffset":0,"yoffset":15,"xadvance":24,"chnl":15,"x":55,"y":407,"page":0},{"id":8719,"index":255,"char":"∏","width":26,"height":41,"xoffset":1,"yoffset":15,"xadvance":35,"chnl":15,"x":71,"y":360,"page":0},{"id":8721,"index":256,"char":"∑","width":24,"height":41,"xoffset":0,"yoffset":15,"xadvance":24,"chnl":15,"x":83,"y":315,"page":0},{"id":47,"index":18,"char":"/","width":21,"height":40,"xoffset":-2,"yoffset":12,"xadvance":17,"chnl":15,"x":82,"y":402,"page":0},{"id":91,"index":62,"char":"[","width":15,"height":40,"xoffset":1,"yoffset":12,"xadvance":16,"chnl":15,"x":98,"y":357,"page":0},{"id":92,"index":63,"char":"\\","width":21,"height":40,"xoffset":-2,"yoffset":13,"xadvance":17,"chnl":15,"x":102,"y":263,"page":0},{"id":93,"index":64,"char":"]","width":15,"height":40,"xoffset":0,"yoffset":12,"xadvance":16,"chnl":15,"x":112,"y":213,"page":0},{"id":123,"index":94,"char":"{","width":18,"height":40,"xoffset":2,"yoffset":12,"xadvance":19,"chnl":15,"x":108,"y":304,"page":0},{"id":124,"index":95,"char":"|","width":9,"height":40,"xoffset":3,"yoffset":12,"xadvance":15,"chnl":15,"x":124,"y":254,"page":0},{"id":125,"index":96,"char":"}","width":18,"height":40,"xoffset":1,"yoffset":12,"xadvance":19,"chnl":15,"x":128,"y":178,"page":0},{"id":166,"index":104,"char":"¦","width":9,"height":40,"xoffset":3,"yoffset":12,"xadvance":15,"chnl":15,"x":0,"y":628,"page":0},{"id":182,"index":119,"char":"¶","width":26,"height":40,"xoffset":-1,"yoffset":17,"xadvance":28,"chnl":15,"x":0,"y":669,"page":0},{"id":229,"index":166,"char":"å","width":23,"height":40,"xoffset":-2,"yoffset":9,"xadvance":22,"chnl":15,"x":10,"y":628,"page":0},{"id":167,"index":105,"char":"§","width":26,"height":38,"xoffset":-2,"yoffset":14,"xadvance":22,"chnl":15,"x":24,"y":584,"page":0},{"id":216,"index":153,"char":"Ø","width":28,"height":38,"xoffset":0,"yoffset":13,"xadvance":28,"chnl":15,"x":36,"y":537,"page":0},{"id":339,"index":210,"char":"œ","width":38,"height":29,"xoffset":-1,"yoffset":21,"xadvance":37,"chnl":15,"x":128,"y":219,"page":0},{"id":105,"index":76,"char":"i","width":10,"height":37,"xoffset":1,"yoffset":12,"xadvance":12,"chnl":15,"x":57,"y":90,"page":0},{"id":162,"index":100,"char":"¢","width":23,"height":37,"xoffset":-1,"yoffset":17,"xadvance":21,"chnl":15,"x":147,"y":178,"page":0},{"id":224,"index":161,"char":"à","width":23,"height":37,"xoffset":-2,"yoffset":12,"xadvance":22,"chnl":15,"x":156,"y":131,"page":0},{"id":225,"index":162,"char":"á","width":23,"height":37,"xoffset":-2,"yoffset":12,"xadvance":22,"chnl":15,"x":158,"y":87,"page":0},{"id":226,"index":163,"char":"â","width":23,"height":37,"xoffset":-2,"yoffset":12,"xadvance":22,"chnl":15,"x":174,"y":43,"page":0},{"id":230,"index":167,"char":"æ","width":37,"height":29,"xoffset":-1,"yoffset":21,"xadvance":36,"chnl":15,"x":178,"y":0,"page":0},{"id":232,"index":169,"char":"è","width":23,"height":37,"xoffset":0,"yoffset":12,"xadvance":23,"chnl":15,"x":0,"y":710,"page":0},{"id":233,"index":170,"char":"é","width":23,"height":37,"xoffset":0,"yoffset":12,"xadvance":23,"chnl":15,"x":0,"y":748,"page":0},{"id":234,"index":171,"char":"ê","width":23,"height":37,"xoffset":0,"yoffset":12,"xadvance":23,"chnl":15,"x":0,"y":786,"page":0},{"id":235,"index":172,"char":"ë","width":23,"height":37,"xoffset":0,"yoffset":13,"xadvance":23,"chnl":15,"x":0,"y":824,"page":0},{"id":236,"index":173,"char":"ì","width":12,"height":37,"xoffset":-1,"yoffset":12,"xadvance":12,"chnl":15,"x":0,"y":862,"page":0},{"id":237,"index":174,"char":"í","width":12,"height":37,"xoffset":1,"yoffset":12,"xadvance":12,"chnl":15,"x":0,"y":900,"page":0},{"id":238,"index":175,"char":"î","width":17,"height":37,"xoffset":-2,"yoffset":12,"xadvance":12,"chnl":15,"x":0,"y":938,"page":0},{"id":242,"index":179,"char":"ò","width":24,"height":37,"xoffset":-1,"yoffset":12,"xadvance":23,"chnl":15,"x":0,"y":976,"page":0},{"id":243,"index":180,"char":"ó","width":24,"height":37,"xoffset":-1,"yoffset":12,"xadvance":23,"chnl":15,"x":13,"y":862,"page":0},{"id":244,"index":181,"char":"ô","width":24,"height":37,"xoffset":-1,"yoffset":12,"xadvance":23,"chnl":15,"x":13,"y":900,"page":0},{"id":246,"index":183,"char":"ö","width":24,"height":37,"xoffset":-1,"yoffset":13,"xadvance":23,"chnl":15,"x":18,"y":938,"page":0},{"id":249,"index":186,"char":"ù","width":23,"height":37,"xoffset":0,"yoffset":12,"xadvance":24,"chnl":15,"x":25,"y":976,"page":0},{"id":250,"index":187,"char":"ú","width":23,"height":37,"xoffset":0,"yoffset":12,"xadvance":24,"chnl":15,"x":24,"y":710,"page":0},{"id":251,"index":188,"char":"û","width":23,"height":37,"xoffset":0,"yoffset":12,"xadvance":24,"chnl":15,"x":27,"y":669,"page":0},{"id":324,"index":208,"char":"ń","width":23,"height":37,"xoffset":1,"yoffset":12,"xadvance":24,"chnl":15,"x":34,"y":623,"page":0},{"id":345,"index":215,"char":"ř","width":18,"height":37,"xoffset":0,"yoffset":12,"xadvance":16,"chnl":15,"x":51,"y":576,"page":0},{"id":353,"index":217,"char":"š","width":22,"height":37,"xoffset":0,"yoffset":12,"xadvance":21,"chnl":15,"x":65,"y":537,"page":0},{"id":382,"index":220,"char":"ž","width":22,"height":37,"xoffset":-1,"yoffset":12,"xadvance":20,"chnl":15,"x":68,"y":487,"page":0},{"id":98,"index":69,"char":"b","width":24,"height":36,"xoffset":0,"yoffset":13,"xadvance":24,"chnl":15,"x":86,"y":443,"page":0},{"id":100,"index":71,"char":"d","width":23,"height":36,"xoffset":-1,"yoffset":13,"xadvance":24,"chnl":15,"x":104,"y":398,"page":0},{"id":102,"index":73,"char":"f","width":16,"height":36,"xoffset":-1,"yoffset":13,"xadvance":14,"chnl":15,"x":114,"y":345,"page":0},{"id":104,"index":75,"char":"h","width":23,"height":36,"xoffset":0,"yoffset":13,"xadvance":24,"chnl":15,"x":127,"y":295,"page":0},{"id":107,"index":78,"char":"k","width":25,"height":36,"xoffset":1,"yoffset":13,"xadvance":23,"chnl":15,"x":134,"y":249,"page":0},{"id":108,"index":79,"char":"l","width":9,"height":36,"xoffset":1,"yoffset":13,"xadvance":11,"chnl":15,"x":68,"y":90,"page":0},{"id":119,"index":90,"char":"w","width":36,"height":28,"xoffset":-2,"yoffset":21,"xadvance":32,"chnl":15,"x":24,"y":748,"page":0},{"id":190,"index":127,"char":"¾","width":36,"height":34,"xoffset":0,"yoffset":15,"xadvance":36,"chnl":15,"x":48,"y":707,"page":0},{"id":228,"index":165,"char":"ä","width":23,"height":36,"xoffset":-2,"yoffset":13,"xadvance":22,"chnl":15,"x":51,"y":661,"page":0},{"id":231,"index":168,"char":"ç","width":23,"height":36,"xoffset":-1,"yoffset":21,"xadvance":20,"chnl":15,"x":58,"y":614,"page":0},{"id":239,"index":176,"char":"ï","width":19,"height":36,"xoffset":-4,"yoffset":13,"xadvance":12,"chnl":15,"x":70,"y":575,"page":0},{"id":240,"index":177,"char":"ð","width":24,"height":36,"xoffset":-1,"yoffset":13,"xadvance":23,"chnl":15,"x":88,"y":525,"page":0},{"id":241,"index":178,"char":"ñ","width":23,"height":36,"xoffset":1,"yoffset":13,"xadvance":24,"chnl":15,"x":91,"y":480,"page":0},{"id":245,"index":182,"char":"õ","width":24,"height":36,"xoffset":-1,"yoffset":13,"xadvance":23,"chnl":15,"x":111,"y":435,"page":0},{"id":252,"index":189,"char":"ü","width":23,"height":36,"xoffset":0,"yoffset":13,"xadvance":24,"chnl":15,"x":128,"y":382,"page":0},{"id":295,"index":193,"char":"ħ","width":26,"height":36,"xoffset":-2,"yoffset":13,"xadvance":25,"chnl":15,"x":131,"y":332,"page":0},{"id":320,"index":204,"char":"ŀ","width":19,"height":36,"xoffset":1,"yoffset":13,"xadvance":19,"chnl":15,"x":151,"y":286,"page":0},{"id":322,"index":206,"char":"ł","width":14,"height":36,"xoffset":-1,"yoffset":13,"xadvance":13,"chnl":15,"x":160,"y":249,"page":0},{"id":38,"index":9,"char":"&","width":29,"height":35,"xoffset":2,"yoffset":14,"xadvance":30,"chnl":15,"x":75,"y":651,"page":0},{"id":57,"index":28,"char":"9","width":24,"height":35,"xoffset":0,"yoffset":15,"xadvance":23,"chnl":15,"x":82,"y":612,"page":0},{"id":63,"index":34,"char":"?","width":22,"height":35,"xoffset":0,"yoffset":15,"xadvance":22,"chnl":15,"x":90,"y":562,"page":0},{"id":103,"index":74,"char":"g","width":23,"height":35,"xoffset":-1,"yoffset":21,"xadvance":23,"chnl":15,"x":171,"y":169,"page":0},{"id":109,"index":80,"char":"m","width":35,"height":28,"xoffset":1,"yoffset":21,"xadvance":37,"chnl":15,"x":167,"y":216,"page":0},{"id":112,"index":83,"char":"p","width":23,"height":35,"xoffset":1,"yoffset":21,"xadvance":24,"chnl":15,"x":180,"y":125,"page":0},{"id":113,"index":84,"char":"q","width":23,"height":35,"xoffset":-1,"yoffset":21,"xadvance":24,"chnl":15,"x":182,"y":81,"page":0},{"id":121,"index":92,"char":"y","width":24,"height":35,"xoffset":-2,"yoffset":21,"xadvance":21,"chnl":15,"x":198,"y":30,"page":0},{"id":188,"index":125,"char":"¼","width":35,"height":34,"xoffset":1,"yoffset":15,"xadvance":35,"chnl":15,"x":195,"y":161,"page":0},{"id":189,"index":126,"char":"½","width":35,"height":34,"xoffset":1,"yoffset":15,"xadvance":36,"chnl":15,"x":204,"y":117,"page":0},{"id":191,"index":128,"char":"¿","width":22,"height":35,"xoffset":0,"yoffset":23,"xadvance":22,"chnl":15,"x":206,"y":66,"page":0},{"id":223,"index":160,"char":"ß","width":24,"height":35,"xoffset":1,"yoffset":15,"xadvance":25,"chnl":15,"x":223,"y":0,"page":0},{"id":227,"index":164,"char":"ã","width":23,"height":35,"xoffset":-2,"yoffset":14,"xadvance":22,"chnl":15,"x":229,"y":36,"page":0},{"id":297,"index":195,"char":"ĩ","width":19,"height":35,"xoffset":-4,"yoffset":14,"xadvance":12,"chnl":15,"x":248,"y":0,"page":0},{"id":8706,"index":254,"char":"∂","width":23,"height":35,"xoffset":0,"yoffset":14,"xadvance":23,"chnl":15,"x":229,"y":72,"page":0},{"id":33,"index":4,"char":"!","width":11,"height":34,"xoffset":3,"yoffset":15,"xadvance":15,"chnl":15,"x":24,"y":777,"page":0},{"id":35,"index":6,"char":"#","width":28,"height":34,"xoffset":1,"yoffset":15,"xadvance":29,"chnl":15,"x":24,"y":812,"page":0},{"id":37,"index":8,"char":"%","width":34,"height":34,"xoffset":1,"yoffset":15,"xadvance":36,"chnl":15,"x":36,"y":777,"page":0},{"id":48,"index":19,"char":"0","width":24,"height":34,"xoffset":0,"yoffset":15,"xadvance":24,"chnl":15,"x":61,"y":742,"page":0},{"id":49,"index":20,"char":"1","width":13,"height":34,"xoffset":2,"yoffset":15,"xadvance":18,"chnl":15,"x":85,"y":687,"page":0},{"id":50,"index":21,"char":"2","width":23,"height":34,"xoffset":0,"yoffset":15,"xadvance":23,"chnl":15,"x":38,"y":847,"page":0},{"id":51,"index":22,"char":"3","width":22,"height":34,"xoffset":0,"yoffset":15,"xadvance":22,"chnl":15,"x":53,"y":812,"page":0},{"id":52,"index":23,"char":"4","width":26,"height":34,"xoffset":0,"yoffset":15,"xadvance":25,"chnl":15,"x":71,"y":777,"page":0},{"id":53,"index":24,"char":"5","width":22,"height":34,"xoffset":0,"yoffset":16,"xadvance":23,"chnl":15,"x":86,"y":722,"page":0},{"id":54,"index":25,"char":"6","width":24,"height":34,"xoffset":0,"yoffset":15,"xadvance":23,"chnl":15,"x":99,"y":687,"page":0},{"id":55,"index":26,"char":"7","width":23,"height":34,"xoffset":0,"yoffset":15,"xadvance":23,"chnl":15,"x":105,"y":648,"page":0},{"id":56,"index":27,"char":"8","width":23,"height":34,"xoffset":0,"yoffset":15,"xadvance":24,"chnl":15,"x":107,"y":598,"page":0},{"id":65,"index":36,"char":"A","width":30,"height":34,"xoffset":-1,"yoffset":15,"xadvance":27,"chnl":15,"x":38,"y":882,"page":0},{"id":66,"index":37,"char":"B","width":26,"height":34,"xoffset":1,"yoffset":15,"xadvance":28,"chnl":15,"x":62,"y":847,"page":0},{"id":67,"index":38,"char":"C","width":26,"height":34,"xoffset":0,"yoffset":15,"xadvance":25,"chnl":15,"x":76,"y":812,"page":0},{"id":68,"index":39,"char":"D","width":27,"height":34,"xoffset":1,"yoffset":15,"xadvance":28,"chnl":15,"x":98,"y":757,"page":0},{"id":69,"index":40,"char":"E","width":24,"height":34,"xoffset":1,"yoffset":15,"xadvance":25,"chnl":15,"x":109,"y":722,"page":0},{"id":70,"index":41,"char":"F","width":24,"height":34,"xoffset":1,"yoffset":15,"xadvance":25,"chnl":15,"x":124,"y":683,"page":0},{"id":71,"index":42,"char":"G","width":27,"height":34,"xoffset":0,"yoffset":15,"xadvance":27,"chnl":15,"x":129,"y":633,"page":0},{"id":72,"index":43,"char":"H","width":27,"height":34,"xoffset":1,"yoffset":15,"xadvance":29,"chnl":15,"x":43,"y":917,"page":0},{"id":73,"index":44,"char":"I","width":10,"height":34,"xoffset":1,"yoffset":15,"xadvance":13,"chnl":15,"x":69,"y":882,"page":0},{"id":74,"index":45,"char":"J","width":22,"height":34,"xoffset":-2,"yoffset":15,"xadvance":21,"chnl":15,"x":49,"y":952,"page":0},{"id":75,"index":46,"char":"K","width":28,"height":34,"xoffset":1,"yoffset":15,"xadvance":28,"chnl":15,"x":71,"y":917,"page":0},{"id":76,"index":47,"char":"L","width":22,"height":34,"xoffset":1,"yoffset":15,"xadvance":23,"chnl":15,"x":80,"y":882,"page":0},{"id":77,"index":48,"char":"M","width":32,"height":34,"xoffset":1,"yoffset":15,"xadvance":34,"chnl":15,"x":89,"y":847,"page":0},{"id":78,"index":49,"char":"N","width":28,"height":34,"xoffset":1,"yoffset":15,"xadvance":29,"chnl":15,"x":49,"y":987,"page":0},{"id":79,"index":50,"char":"O","width":28,"height":34,"xoffset":0,"yoffset":15,"xadvance":27,"chnl":15,"x":72,"y":952,"page":0},{"id":80,"index":51,"char":"P","width":25,"height":34,"xoffset":1,"yoffset":15,"xadvance":26,"chnl":15,"x":100,"y":917,"page":0},{"id":81,"index":52,"char":"Q","width":28,"height":34,"xoffset":0,"yoffset":15,"xadvance":27,"chnl":15,"x":103,"y":882,"page":0},{"id":82,"index":53,"char":"R","width":27,"height":34,"xoffset":1,"yoffset":15,"xadvance":27,"chnl":15,"x":78,"y":987,"page":0},{"id":83,"index":54,"char":"S","width":26,"height":34,"xoffset":-1,"yoffset":15,"xadvance":25,"chnl":15,"x":101,"y":952,"page":0},{"id":84,"index":55,"char":"T","width":26,"height":34,"xoffset":-1,"yoffset":15,"xadvance":24,"chnl":15,"x":126,"y":917,"page":0},{"id":85,"index":56,"char":"U","width":27,"height":34,"xoffset":1,"yoffset":15,"xadvance":28,"chnl":15,"x":106,"y":987,"page":0},{"id":86,"index":57,"char":"V","width":28,"height":34,"xoffset":-2,"yoffset":15,"xadvance":24,"chnl":15,"x":128,"y":952,"page":0},{"id":88,"index":59,"char":"X","width":31,"height":34,"xoffset":-2,"yoffset":15,"xadvance":27,"chnl":15,"x":134,"y":987,"page":0},{"id":89,"index":60,"char":"Y","width":28,"height":34,"xoffset":-2,"yoffset":15,"xadvance":24,"chnl":15,"x":103,"y":792,"page":0},{"id":90,"index":61,"char":"Z","width":24,"height":34,"xoffset":-1,"yoffset":15,"xadvance":23,"chnl":15,"x":126,"y":757,"page":0},{"id":161,"index":99,"char":"¡","width":11,"height":34,"xoffset":2,"yoffset":22,"xadvance":15,"chnl":15,"x":134,"y":718,"page":0},{"id":163,"index":101,"char":"£","width":25,"height":34,"xoffset":0,"yoffset":15,"xadvance":24,"chnl":15,"x":146,"y":718,"page":0},{"id":165,"index":103,"char":"¥","width":24,"height":34,"xoffset":-1,"yoffset":15,"xadvance":22,"chnl":15,"x":149,"y":668,"page":0},{"id":169,"index":107,"char":"©","width":34,"height":34,"xoffset":1,"yoffset":15,"xadvance":35,"chnl":15,"x":122,"y":827,"page":0},{"id":173,"index":0,"char":"­","width":19,"height":34,"xoffset":1,"yoffset":15,"xadvance":20,"chnl":15,"x":132,"y":792,"page":0},{"id":174,"index":111,"char":"®","width":34,"height":34,"xoffset":1,"yoffset":15,"xadvance":35,"chnl":15,"x":151,"y":753,"page":0},{"id":181,"index":118,"char":"µ","width":23,"height":34,"xoffset":0,"yoffset":21,"xadvance":23,"chnl":15,"x":152,"y":788,"page":0},{"id":208,"index":145,"char":"Ð","width":29,"height":34,"xoffset":0,"yoffset":15,"xadvance":29,"chnl":15,"x":172,"y":703,"page":0},{"id":222,"index":159,"char":"Þ","width":25,"height":34,"xoffset":1,"yoffset":15,"xadvance":27,"chnl":15,"x":132,"y":862,"page":0},{"id":256,"index":0,"char":"Ā","width":19,"height":34,"xoffset":1,"yoffset":15,"xadvance":20,"chnl":15,"x":157,"y":823,"page":0},{"id":257,"index":0,"char":"ā","width":19,"height":34,"xoffset":1,"yoffset":15,"xadvance":20,"chnl":15,"x":176,"y":788,"page":0},{"id":258,"index":0,"char":"Ă","width":19,"height":34,"xoffset":1,"yoffset":15,"xadvance":20,"chnl":15,"x":186,"y":738,"page":0},{"id":259,"index":0,"char":"ă","width":19,"height":34,"xoffset":1,"yoffset":15,"xadvance":20,"chnl":15,"x":153,"y":897,"page":0},{"id":260,"index":0,"char":"Ą","width":19,"height":34,"xoffset":1,"yoffset":15,"xadvance":20,"chnl":15,"x":158,"y":858,"page":0},{"id":261,"index":0,"char":"ą","width":19,"height":34,"xoffset":1,"yoffset":15,"xadvance":20,"chnl":15,"x":177,"y":823,"page":0},{"id":262,"index":0,"char":"Ć","width":19,"height":34,"xoffset":1,"yoffset":15,"xadvance":20,"chnl":15,"x":196,"y":773,"page":0},{"id":263,"index":0,"char":"ć","width":19,"height":34,"xoffset":1,"yoffset":15,"xadvance":20,"chnl":15,"x":157,"y":932,"page":0},{"id":264,"index":0,"char":"Ĉ","width":19,"height":34,"xoffset":1,"yoffset":15,"xadvance":20,"chnl":15,"x":173,"y":893,"page":0},{"id":265,"index":0,"char":"ĉ","width":19,"height":34,"xoffset":1,"yoffset":15,"xadvance":20,"chnl":15,"x":178,"y":858,"page":0},{"id":266,"index":0,"char":"Ċ","width":19,"height":34,"xoffset":1,"yoffset":15,"xadvance":20,"chnl":15,"x":197,"y":808,"page":0},{"id":267,"index":0,"char":"ċ","width":19,"height":34,"xoffset":1,"yoffset":15,"xadvance":20,"chnl":15,"x":166,"y":967,"page":0},{"id":268,"index":0,"char":"Č","width":19,"height":34,"xoffset":1,"yoffset":15,"xadvance":20,"chnl":15,"x":177,"y":928,"page":0},{"id":269,"index":0,"char":"č","width":19,"height":34,"xoffset":1,"yoffset":15,"xadvance":20,"chnl":15,"x":193,"y":893,"page":0},{"id":270,"index":0,"char":"Ď","width":19,"height":34,"xoffset":1,"yoffset":15,"xadvance":20,"chnl":15,"x":198,"y":843,"page":0},{"id":271,"index":0,"char":"ď","width":19,"height":34,"xoffset":1,"yoffset":15,"xadvance":20,"chnl":15,"x":186,"y":963,"page":0},{"id":272,"index":0,"char":"Đ","width":19,"height":34,"xoffset":1,"yoffset":15,"xadvance":20,"chnl":15,"x":197,"y":928,"page":0},{"id":273,"index":0,"char":"đ","width":19,"height":34,"xoffset":1,"yoffset":15,"xadvance":20,"chnl":15,"x":213,"y":878,"page":0},{"id":274,"index":0,"char":"Ē","width":19,"height":34,"xoffset":1,"yoffset":15,"xadvance":20,"chnl":15,"x":206,"y":963,"page":0},{"id":275,"index":0,"char":"ē","width":19,"height":34,"xoffset":1,"yoffset":15,"xadvance":20,"chnl":15,"x":217,"y":913,"page":0},{"id":276,"index":0,"char":"Ĕ","width":19,"height":34,"xoffset":1,"yoffset":15,"xadvance":20,"chnl":15,"x":226,"y":948,"page":0},{"id":277,"index":0,"char":"ĕ","width":19,"height":34,"xoffset":1,"yoffset":15,"xadvance":20,"chnl":15,"x":226,"y":983,"page":0},{"id":278,"index":0,"char":"Ė","width":19,"height":34,"xoffset":1,"yoffset":15,"xadvance":20,"chnl":15,"x":113,"y":517,"page":0},{"id":279,"index":0,"char":"ė","width":19,"height":34,"xoffset":1,"yoffset":15,"xadvance":20,"chnl":15,"x":115,"y":472,"page":0},{"id":280,"index":0,"char":"Ę","width":19,"height":34,"xoffset":1,"yoffset":15,"xadvance":20,"chnl":15,"x":113,"y":552,"page":0},{"id":281,"index":0,"char":"ę","width":19,"height":34,"xoffset":1,"yoffset":15,"xadvance":20,"chnl":15,"x":131,"y":587,"page":0},{"id":282,"index":0,"char":"Ě","width":19,"height":34,"xoffset":1,"yoffset":15,"xadvance":20,"chnl":15,"x":133,"y":507,"page":0},{"id":283,"index":0,"char":"ě","width":19,"height":34,"xoffset":1,"yoffset":15,"xadvance":20,"chnl":15,"x":135,"y":472,"page":0},{"id":284,"index":0,"char":"Ĝ","width":19,"height":34,"xoffset":1,"yoffset":15,"xadvance":20,"chnl":15,"x":133,"y":542,"page":0},{"id":285,"index":0,"char":"ĝ","width":19,"height":34,"xoffset":1,"yoffset":15,"xadvance":20,"chnl":15,"x":136,"y":419,"page":0},{"id":286,"index":0,"char":"Ğ","width":19,"height":34,"xoffset":1,"yoffset":15,"xadvance":20,"chnl":15,"x":152,"y":369,"page":0},{"id":287,"index":0,"char":"ğ","width":19,"height":34,"xoffset":1,"yoffset":15,"xadvance":20,"chnl":15,"x":158,"y":323,"page":0},{"id":288,"index":0,"char":"Ġ","width":19,"height":34,"xoffset":1,"yoffset":15,"xadvance":20,"chnl":15,"x":171,"y":286,"page":0},{"id":289,"index":0,"char":"ġ","width":19,"height":34,"xoffset":1,"yoffset":15,"xadvance":20,"chnl":15,"x":175,"y":245,"page":0},{"id":290,"index":0,"char":"Ģ","width":19,"height":34,"xoffset":1,"yoffset":15,"xadvance":20,"chnl":15,"x":151,"y":577,"page":0},{"id":291,"index":0,"char":"ģ","width":19,"height":34,"xoffset":1,"yoffset":15,"xadvance":20,"chnl":15,"x":157,"y":612,"page":0},{"id":292,"index":0,"char":"Ĥ","width":19,"height":34,"xoffset":1,"yoffset":15,"xadvance":20,"chnl":15,"x":174,"y":647,"page":0},{"id":293,"index":0,"char":"ĥ","width":19,"height":34,"xoffset":1,"yoffset":15,"xadvance":20,"chnl":15,"x":153,"y":507,"page":0},{"id":294,"index":0,"char":"Ħ","width":19,"height":34,"xoffset":1,"yoffset":15,"xadvance":20,"chnl":15,"x":153,"y":542,"page":0},{"id":298,"index":0,"char":"Ī","width":19,"height":34,"xoffset":1,"yoffset":15,"xadvance":20,"chnl":15,"x":171,"y":577,"page":0},{"id":299,"index":0,"char":"ī","width":19,"height":34,"xoffset":1,"yoffset":15,"xadvance":20,"chnl":15,"x":177,"y":612,"page":0},{"id":300,"index":0,"char":"Ĭ","width":19,"height":34,"xoffset":1,"yoffset":15,"xadvance":20,"chnl":15,"x":155,"y":454,"page":0},{"id":301,"index":0,"char":"ĭ","width":19,"height":34,"xoffset":1,"yoffset":15,"xadvance":20,"chnl":15,"x":156,"y":404,"page":0},{"id":302,"index":0,"char":"Į","width":19,"height":34,"xoffset":1,"yoffset":15,"xadvance":20,"chnl":15,"x":172,"y":358,"page":0},{"id":303,"index":0,"char":"į","width":19,"height":34,"xoffset":1,"yoffset":15,"xadvance":20,"chnl":15,"x":178,"y":321,"page":0},{"id":304,"index":0,"char":"İ","width":19,"height":34,"xoffset":1,"yoffset":15,"xadvance":20,"chnl":15,"x":191,"y":280,"page":0},{"id":310,"index":0,"char":"Ķ","width":19,"height":34,"xoffset":1,"yoffset":15,"xadvance":20,"chnl":15,"x":195,"y":245,"page":0},{"id":313,"index":0,"char":"Ĺ","width":19,"height":34,"xoffset":1,"yoffset":15,"xadvance":20,"chnl":15,"x":203,"y":196,"page":0},{"id":314,"index":0,"char":"ĺ","width":19,"height":34,"xoffset":1,"yoffset":15,"xadvance":20,"chnl":15,"x":194,"y":647,"page":0},{"id":315,"index":0,"char":"Ļ","width":19,"height":34,"xoffset":1,"yoffset":15,"xadvance":20,"chnl":15,"x":202,"y":682,"page":0},{"id":316,"index":0,"char":"ļ","width":19,"height":34,"xoffset":1,"yoffset":15,"xadvance":20,"chnl":15,"x":206,"y":717,"page":0},{"id":317,"index":0,"char":"Ľ","width":19,"height":34,"xoffset":1,"yoffset":15,"xadvance":20,"chnl":15,"x":216,"y":752,"page":0},{"id":318,"index":0,"char":"ľ","width":19,"height":34,"xoffset":1,"yoffset":15,"xadvance":20,"chnl":15,"x":217,"y":787,"page":0},{"id":319,"index":203,"char":"Ŀ","width":22,"height":34,"xoffset":1,"yoffset":15,"xadvance":25,"chnl":15,"x":218,"y":822,"page":0},{"id":321,"index":205,"char":"Ł","width":25,"height":34,"xoffset":0,"yoffset":15,"xadvance":25,"chnl":15,"x":233,"y":857,"page":0},{"id":325,"index":0,"char":"Ņ","width":19,"height":34,"xoffset":1,"yoffset":15,"xadvance":20,"chnl":15,"x":237,"y":892,"page":0},{"id":326,"index":0,"char":"ņ","width":19,"height":34,"xoffset":1,"yoffset":15,"xadvance":20,"chnl":15,"x":173,"y":489,"page":0},{"id":327,"index":0,"char":"Ň","width":19,"height":34,"xoffset":1,"yoffset":15,"xadvance":20,"chnl":15,"x":175,"y":439,"page":0},{"id":328,"index":0,"char":"ň","width":19,"height":34,"xoffset":1,"yoffset":15,"xadvance":20,"chnl":15,"x":176,"y":393,"page":0},{"id":330,"index":0,"char":"Ŋ","width":19,"height":34,"xoffset":1,"yoffset":15,"xadvance":20,"chnl":15,"x":192,"y":356,"page":0},{"id":331,"index":0,"char":"ŋ","width":19,"height":34,"xoffset":1,"yoffset":15,"xadvance":20,"chnl":15,"x":198,"y":315,"page":0},{"id":332,"index":0,"char":"Ō","width":19,"height":34,"xoffset":1,"yoffset":15,"xadvance":20,"chnl":15,"x":211,"y":280,"page":0},{"id":333,"index":0,"char":"ō","width":19,"height":34,"xoffset":1,"yoffset":15,"xadvance":20,"chnl":15,"x":215,"y":231,"page":0},{"id":334,"index":0,"char":"Ŏ","width":19,"height":34,"xoffset":1,"yoffset":15,"xadvance":20,"chnl":15,"x":223,"y":196,"page":0},{"id":335,"index":0,"char":"ŏ","width":19,"height":34,"xoffset":1,"yoffset":15,"xadvance":20,"chnl":15,"x":231,"y":152,"page":0},{"id":336,"index":0,"char":"Ő","width":19,"height":34,"xoffset":1,"yoffset":15,"xadvance":20,"chnl":15,"x":240,"y":108,"page":0},{"id":337,"index":0,"char":"ő","width":19,"height":34,"xoffset":1,"yoffset":15,"xadvance":20,"chnl":15,"x":173,"y":524,"page":0},{"id":341,"index":0,"char":"ŕ","width":19,"height":34,"xoffset":1,"yoffset":15,"xadvance":20,"chnl":15,"x":191,"y":559,"page":0},{"id":346,"index":0,"char":"Ś","width":19,"height":34,"xoffset":1,"yoffset":15,"xadvance":20,"chnl":15,"x":197,"y":594,"page":0},{"id":347,"index":0,"char":"ś","width":19,"height":34,"xoffset":1,"yoffset":15,"xadvance":20,"chnl":15,"x":214,"y":629,"page":0},{"id":348,"index":0,"char":"Ŝ","width":19,"height":34,"xoffset":1,"yoffset":15,"xadvance":20,"chnl":15,"x":222,"y":664,"page":0},{"id":349,"index":0,"char":"ŝ","width":19,"height":34,"xoffset":1,"yoffset":15,"xadvance":20,"chnl":15,"x":226,"y":699,"page":0},{"id":350,"index":0,"char":"Ş","width":19,"height":34,"xoffset":1,"yoffset":15,"xadvance":20,"chnl":15,"x":236,"y":734,"page":0},{"id":351,"index":0,"char":"ş","width":19,"height":34,"xoffset":1,"yoffset":15,"xadvance":20,"chnl":15,"x":237,"y":769,"page":0},{"id":354,"index":0,"char":"Ţ","width":19,"height":34,"xoffset":1,"yoffset":15,"xadvance":20,"chnl":15,"x":241,"y":804,"page":0},{"id":355,"index":0,"char":"ţ","width":19,"height":34,"xoffset":1,"yoffset":15,"xadvance":20,"chnl":15,"x":253,"y":36,"page":0},{"id":356,"index":0,"char":"Ť","width":19,"height":34,"xoffset":1,"yoffset":15,"xadvance":20,"chnl":15,"x":268,"y":0,"page":0},{"id":357,"index":0,"char":"ť","width":19,"height":34,"xoffset":1,"yoffset":15,"xadvance":20,"chnl":15,"x":253,"y":71,"page":0},{"id":358,"index":0,"char":"Ŧ","width":19,"height":34,"xoffset":1,"yoffset":15,"xadvance":20,"chnl":15,"x":193,"y":474,"page":0},{"id":359,"index":0,"char":"ŧ","width":19,"height":34,"xoffset":1,"yoffset":15,"xadvance":20,"chnl":15,"x":195,"y":428,"page":0},{"id":360,"index":0,"char":"Ũ","width":19,"height":34,"xoffset":1,"yoffset":15,"xadvance":20,"chnl":15,"x":196,"y":391,"page":0},{"id":361,"index":0,"char":"ũ","width":19,"height":34,"xoffset":1,"yoffset":15,"xadvance":20,"chnl":15,"x":212,"y":350,"page":0},{"id":362,"index":0,"char":"Ū","width":19,"height":34,"xoffset":1,"yoffset":15,"xadvance":20,"chnl":15,"x":218,"y":315,"page":0},{"id":363,"index":0,"char":"ū","width":19,"height":34,"xoffset":1,"yoffset":15,"xadvance":20,"chnl":15,"x":231,"y":266,"page":0},{"id":364,"index":0,"char":"Ŭ","width":19,"height":34,"xoffset":1,"yoffset":15,"xadvance":20,"chnl":15,"x":235,"y":231,"page":0},{"id":365,"index":0,"char":"ŭ","width":19,"height":34,"xoffset":1,"yoffset":15,"xadvance":20,"chnl":15,"x":243,"y":187,"page":0},{"id":366,"index":0,"char":"Ů","width":19,"height":34,"xoffset":1,"yoffset":15,"xadvance":20,"chnl":15,"x":251,"y":143,"page":0},{"id":367,"index":0,"char":"ů","width":19,"height":34,"xoffset":1,"yoffset":15,"xadvance":20,"chnl":15,"x":260,"y":106,"page":0},{"id":368,"index":0,"char":"Ű","width":19,"height":34,"xoffset":1,"yoffset":15,"xadvance":20,"chnl":15,"x":193,"y":509,"page":0},{"id":369,"index":0,"char":"ű","width":19,"height":34,"xoffset":1,"yoffset":15,"xadvance":20,"chnl":15,"x":211,"y":544,"page":0},{"id":370,"index":0,"char":"Ų","width":19,"height":34,"xoffset":1,"yoffset":15,"xadvance":20,"chnl":15,"x":217,"y":579,"page":0},{"id":371,"index":0,"char":"ų","width":19,"height":34,"xoffset":1,"yoffset":15,"xadvance":20,"chnl":15,"x":234,"y":614,"page":0},{"id":372,"index":0,"char":"Ŵ","width":19,"height":34,"xoffset":1,"yoffset":15,"xadvance":20,"chnl":15,"x":242,"y":649,"page":0},{"id":373,"index":0,"char":"ŵ","width":19,"height":34,"xoffset":1,"yoffset":15,"xadvance":20,"chnl":15,"x":246,"y":684,"page":0},{"id":374,"index":0,"char":"Ŷ","width":19,"height":34,"xoffset":1,"yoffset":15,"xadvance":20,"chnl":15,"x":256,"y":719,"page":0},{"id":375,"index":0,"char":"ŷ","width":19,"height":34,"xoffset":1,"yoffset":15,"xadvance":20,"chnl":15,"x":257,"y":754,"page":0},{"id":377,"index":0,"char":"Ź","width":19,"height":34,"xoffset":1,"yoffset":15,"xadvance":20,"chnl":15,"x":273,"y":35,"page":0},{"id":378,"index":0,"char":"ź","width":19,"height":34,"xoffset":1,"yoffset":15,"xadvance":20,"chnl":15,"x":288,"y":0,"page":0},{"id":379,"index":0,"char":"Ż","width":19,"height":34,"xoffset":1,"yoffset":15,"xadvance":20,"chnl":15,"x":273,"y":70,"page":0},{"id":380,"index":0,"char":"ż","width":19,"height":34,"xoffset":1,"yoffset":15,"xadvance":20,"chnl":15,"x":213,"y":463,"page":0},{"id":399,"index":0,"char":"Ə","width":19,"height":34,"xoffset":1,"yoffset":15,"xadvance":20,"chnl":15,"x":215,"y":426,"page":0},{"id":416,"index":0,"char":"Ơ","width":19,"height":34,"xoffset":1,"yoffset":15,"xadvance":20,"chnl":15,"x":216,"y":385,"page":0},{"id":417,"index":0,"char":"ơ","width":19,"height":34,"xoffset":1,"yoffset":15,"xadvance":20,"chnl":15,"x":232,"y":350,"page":0},{"id":431,"index":0,"char":"Ư","width":19,"height":34,"xoffset":1,"yoffset":15,"xadvance":20,"chnl":15,"x":213,"y":498,"page":0},{"id":432,"index":0,"char":"ư","width":19,"height":34,"xoffset":1,"yoffset":15,"xadvance":20,"chnl":15,"x":231,"y":533,"page":0},{"id":452,"index":0,"char":"Ǆ","width":19,"height":34,"xoffset":1,"yoffset":15,"xadvance":20,"chnl":15,"x":237,"y":568,"page":0},{"id":453,"index":0,"char":"ǅ","width":19,"height":34,"xoffset":1,"yoffset":15,"xadvance":20,"chnl":15,"x":254,"y":603,"page":0},{"id":454,"index":0,"char":"ǆ","width":19,"height":34,"xoffset":1,"yoffset":15,"xadvance":20,"chnl":15,"x":262,"y":638,"page":0},{"id":455,"index":0,"char":"Ǉ","width":19,"height":34,"xoffset":1,"yoffset":15,"xadvance":20,"chnl":15,"x":266,"y":673,"page":0},{"id":456,"index":0,"char":"ǈ","width":19,"height":34,"xoffset":1,"yoffset":15,"xadvance":20,"chnl":15,"x":276,"y":708,"page":0},{"id":457,"index":0,"char":"ǉ","width":19,"height":34,"xoffset":1,"yoffset":15,"xadvance":20,"chnl":15,"x":238,"y":301,"page":0},{"id":458,"index":0,"char":"Ǌ","width":19,"height":34,"xoffset":1,"yoffset":15,"xadvance":20,"chnl":15,"x":251,"y":266,"page":0},{"id":459,"index":0,"char":"ǋ","width":19,"height":34,"xoffset":1,"yoffset":15,"xadvance":20,"chnl":15,"x":255,"y":222,"page":0},{"id":460,"index":0,"char":"ǌ","width":19,"height":34,"xoffset":1,"yoffset":15,"xadvance":20,"chnl":15,"x":263,"y":178,"page":0},{"id":461,"index":0,"char":"Ǎ","width":19,"height":34,"xoffset":1,"yoffset":15,"xadvance":20,"chnl":15,"x":271,"y":141,"page":0},{"id":462,"index":0,"char":"ǎ","width":19,"height":34,"xoffset":1,"yoffset":15,"xadvance":20,"chnl":15,"x":280,"y":105,"page":0},{"id":463,"index":0,"char":"Ǐ","width":19,"height":34,"xoffset":1,"yoffset":15,"xadvance":20,"chnl":15,"x":293,"y":35,"page":0},{"id":464,"index":0,"char":"ǐ","width":19,"height":34,"xoffset":1,"yoffset":15,"xadvance":20,"chnl":15,"x":308,"y":0,"page":0},{"id":465,"index":0,"char":"Ǒ","width":19,"height":34,"xoffset":1,"yoffset":15,"xadvance":20,"chnl":15,"x":293,"y":70,"page":0},{"id":466,"index":0,"char":"ǒ","width":19,"height":34,"xoffset":1,"yoffset":15,"xadvance":20,"chnl":15,"x":233,"y":461,"page":0},{"id":467,"index":0,"char":"Ǔ","width":19,"height":34,"xoffset":1,"yoffset":15,"xadvance":20,"chnl":15,"x":233,"y":496,"page":0},{"id":468,"index":0,"char":"ǔ","width":19,"height":34,"xoffset":1,"yoffset":15,"xadvance":20,"chnl":15,"x":251,"y":531,"page":0},{"id":469,"index":0,"char":"Ǖ","width":19,"height":34,"xoffset":1,"yoffset":15,"xadvance":20,"chnl":15,"x":257,"y":566,"page":0},{"id":470,"index":0,"char":"ǖ","width":19,"height":34,"xoffset":1,"yoffset":15,"xadvance":20,"chnl":15,"x":274,"y":601,"page":0},{"id":471,"index":0,"char":"Ǘ","width":19,"height":34,"xoffset":1,"yoffset":15,"xadvance":20,"chnl":15,"x":282,"y":636,"page":0},{"id":472,"index":0,"char":"ǘ","width":19,"height":34,"xoffset":1,"yoffset":15,"xadvance":20,"chnl":15,"x":286,"y":671,"page":0},{"id":473,"index":0,"char":"Ǚ","width":19,"height":34,"xoffset":1,"yoffset":15,"xadvance":20,"chnl":15,"x":235,"y":420,"page":0},{"id":474,"index":0,"char":"ǚ","width":19,"height":34,"xoffset":1,"yoffset":15,"xadvance":20,"chnl":15,"x":236,"y":385,"page":0},{"id":475,"index":0,"char":"Ǜ","width":19,"height":34,"xoffset":1,"yoffset":15,"xadvance":20,"chnl":15,"x":252,"y":336,"page":0},{"id":476,"index":0,"char":"ǜ","width":19,"height":34,"xoffset":1,"yoffset":15,"xadvance":20,"chnl":15,"x":258,"y":301,"page":0},{"id":486,"index":0,"char":"Ǧ","width":19,"height":34,"xoffset":1,"yoffset":15,"xadvance":20,"chnl":15,"x":271,"y":257,"page":0},{"id":487,"index":0,"char":"ǧ","width":19,"height":34,"xoffset":1,"yoffset":15,"xadvance":20,"chnl":15,"x":275,"y":213,"page":0},{"id":490,"index":0,"char":"Ǫ","width":19,"height":34,"xoffset":1,"yoffset":15,"xadvance":20,"chnl":15,"x":283,"y":176,"page":0},{"id":491,"index":0,"char":"ǫ","width":19,"height":34,"xoffset":1,"yoffset":15,"xadvance":20,"chnl":15,"x":291,"y":140,"page":0},{"id":506,"index":0,"char":"Ǻ","width":19,"height":34,"xoffset":1,"yoffset":15,"xadvance":20,"chnl":15,"x":300,"y":105,"page":0},{"id":507,"index":0,"char":"ǻ","width":19,"height":34,"xoffset":1,"yoffset":15,"xadvance":20,"chnl":15,"x":313,"y":35,"page":0},{"id":508,"index":0,"char":"Ǽ","width":19,"height":34,"xoffset":1,"yoffset":15,"xadvance":20,"chnl":15,"x":328,"y":0,"page":0},{"id":509,"index":0,"char":"ǽ","width":19,"height":34,"xoffset":1,"yoffset":15,"xadvance":20,"chnl":15,"x":313,"y":70,"page":0},{"id":510,"index":0,"char":"Ǿ","width":19,"height":34,"xoffset":1,"yoffset":15,"xadvance":20,"chnl":15,"x":253,"y":455,"page":0},{"id":511,"index":0,"char":"ǿ","width":19,"height":34,"xoffset":1,"yoffset":15,"xadvance":20,"chnl":15,"x":255,"y":420,"page":0},{"id":512,"index":0,"char":"Ȁ","width":19,"height":34,"xoffset":1,"yoffset":15,"xadvance":20,"chnl":15,"x":253,"y":490,"page":0},{"id":513,"index":0,"char":"ȁ","width":19,"height":34,"xoffset":1,"yoffset":15,"xadvance":20,"chnl":15,"x":271,"y":525,"page":0},{"id":514,"index":0,"char":"Ȃ","width":19,"height":34,"xoffset":1,"yoffset":15,"xadvance":20,"chnl":15,"x":277,"y":560,"page":0},{"id":515,"index":0,"char":"ȃ","width":19,"height":34,"xoffset":1,"yoffset":15,"xadvance":20,"chnl":15,"x":294,"y":595,"page":0},{"id":516,"index":0,"char":"Ȅ","width":19,"height":34,"xoffset":1,"yoffset":15,"xadvance":20,"chnl":15,"x":302,"y":630,"page":0},{"id":517,"index":0,"char":"ȅ","width":19,"height":34,"xoffset":1,"yoffset":15,"xadvance":20,"chnl":15,"x":256,"y":371,"page":0},{"id":518,"index":0,"char":"Ȇ","width":19,"height":34,"xoffset":1,"yoffset":15,"xadvance":20,"chnl":15,"x":272,"y":336,"page":0},{"id":519,"index":0,"char":"ȇ","width":19,"height":34,"xoffset":1,"yoffset":15,"xadvance":20,"chnl":15,"x":278,"y":292,"page":0},{"id":520,"index":0,"char":"Ȉ","width":19,"height":34,"xoffset":1,"yoffset":15,"xadvance":20,"chnl":15,"x":291,"y":248,"page":0},{"id":521,"index":0,"char":"ȉ","width":19,"height":34,"xoffset":1,"yoffset":15,"xadvance":20,"chnl":15,"x":295,"y":211,"page":0},{"id":522,"index":0,"char":"Ȋ","width":19,"height":34,"xoffset":1,"yoffset":15,"xadvance":20,"chnl":15,"x":303,"y":175,"page":0},{"id":523,"index":0,"char":"ȋ","width":19,"height":34,"xoffset":1,"yoffset":15,"xadvance":20,"chnl":15,"x":311,"y":140,"page":0},{"id":524,"index":0,"char":"Ȍ","width":19,"height":34,"xoffset":1,"yoffset":15,"xadvance":20,"chnl":15,"x":320,"y":105,"page":0},{"id":525,"index":0,"char":"ȍ","width":19,"height":34,"xoffset":1,"yoffset":15,"xadvance":20,"chnl":15,"x":273,"y":455,"page":0},{"id":526,"index":0,"char":"Ȏ","width":19,"height":34,"xoffset":1,"yoffset":15,"xadvance":20,"chnl":15,"x":273,"y":490,"page":0},{"id":527,"index":0,"char":"ȏ","width":19,"height":34,"xoffset":1,"yoffset":15,"xadvance":20,"chnl":15,"x":291,"y":525,"page":0},{"id":528,"index":0,"char":"Ȑ","width":19,"height":34,"xoffset":1,"yoffset":15,"xadvance":20,"chnl":15,"x":297,"y":560,"page":0},{"id":529,"index":0,"char":"ȑ","width":19,"height":34,"xoffset":1,"yoffset":15,"xadvance":20,"chnl":15,"x":314,"y":595,"page":0},{"id":530,"index":0,"char":"Ȓ","width":19,"height":34,"xoffset":1,"yoffset":15,"xadvance":20,"chnl":15,"x":275,"y":406,"page":0},{"id":531,"index":0,"char":"ȓ","width":19,"height":34,"xoffset":1,"yoffset":15,"xadvance":20,"chnl":15,"x":276,"y":371,"page":0},{"id":532,"index":0,"char":"Ȕ","width":19,"height":34,"xoffset":1,"yoffset":15,"xadvance":20,"chnl":15,"x":292,"y":327,"page":0},{"id":533,"index":0,"char":"ȕ","width":19,"height":34,"xoffset":1,"yoffset":15,"xadvance":20,"chnl":15,"x":298,"y":283,"page":0},{"id":534,"index":0,"char":"Ȗ","width":19,"height":34,"xoffset":1,"yoffset":15,"xadvance":20,"chnl":15,"x":311,"y":246,"page":0},{"id":535,"index":0,"char":"ȗ","width":19,"height":34,"xoffset":1,"yoffset":15,"xadvance":20,"chnl":15,"x":315,"y":210,"page":0},{"id":536,"index":0,"char":"Ș","width":19,"height":34,"xoffset":1,"yoffset":15,"xadvance":20,"chnl":15,"x":323,"y":175,"page":0},{"id":537,"index":0,"char":"ș","width":19,"height":34,"xoffset":1,"yoffset":15,"xadvance":20,"chnl":15,"x":331,"y":140,"page":0},{"id":538,"index":0,"char":"Ț","width":19,"height":34,"xoffset":1,"yoffset":15,"xadvance":20,"chnl":15,"x":333,"y":35,"page":0},{"id":539,"index":0,"char":"ț","width":19,"height":34,"xoffset":1,"yoffset":15,"xadvance":20,"chnl":15,"x":333,"y":70,"page":0},{"id":554,"index":0,"char":"Ȫ","width":19,"height":34,"xoffset":1,"yoffset":15,"xadvance":20,"chnl":15,"x":348,"y":0,"page":0},{"id":555,"index":0,"char":"ȫ","width":19,"height":34,"xoffset":1,"yoffset":15,"xadvance":20,"chnl":15,"x":340,"y":105,"page":0},{"id":556,"index":0,"char":"Ȭ","width":19,"height":34,"xoffset":1,"yoffset":15,"xadvance":20,"chnl":15,"x":353,"y":35,"page":0},{"id":557,"index":0,"char":"ȭ","width":19,"height":34,"xoffset":1,"yoffset":15,"xadvance":20,"chnl":15,"x":368,"y":0,"page":0},{"id":560,"index":0,"char":"Ȱ","width":19,"height":34,"xoffset":1,"yoffset":15,"xadvance":20,"chnl":15,"x":353,"y":70,"page":0},{"id":561,"index":0,"char":"ȱ","width":19,"height":34,"xoffset":1,"yoffset":15,"xadvance":20,"chnl":15,"x":293,"y":441,"page":0},{"id":562,"index":0,"char":"Ȳ","width":19,"height":34,"xoffset":1,"yoffset":15,"xadvance":20,"chnl":15,"x":295,"y":406,"page":0},{"id":563,"index":0,"char":"ȳ","width":19,"height":34,"xoffset":1,"yoffset":15,"xadvance":20,"chnl":15,"x":296,"y":362,"page":0},{"id":567,"index":0,"char":"ȷ","width":19,"height":34,"xoffset":1,"yoffset":15,"xadvance":20,"chnl":15,"x":312,"y":318,"page":0},{"id":601,"index":0,"char":"ə","width":19,"height":34,"xoffset":1,"yoffset":15,"xadvance":20,"chnl":15,"x":318,"y":281,"page":0},{"id":697,"index":0,"char":"ʹ","width":19,"height":34,"xoffset":1,"yoffset":15,"xadvance":20,"chnl":15,"x":331,"y":245,"page":0},{"id":698,"index":0,"char":"ʺ","width":19,"height":34,"xoffset":1,"yoffset":15,"xadvance":20,"chnl":15,"x":335,"y":210,"page":0},{"id":699,"index":0,"char":"ʻ","width":19,"height":34,"xoffset":1,"yoffset":15,"xadvance":20,"chnl":15,"x":343,"y":175,"page":0},{"id":700,"index":0,"char":"ʼ","width":19,"height":34,"xoffset":1,"yoffset":15,"xadvance":20,"chnl":15,"x":351,"y":140,"page":0},{"id":702,"index":0,"char":"ʾ","width":19,"height":34,"xoffset":1,"yoffset":15,"xadvance":20,"chnl":15,"x":360,"y":105,"page":0},{"id":703,"index":0,"char":"ʿ","width":19,"height":34,"xoffset":1,"yoffset":15,"xadvance":20,"chnl":15,"x":293,"y":476,"page":0},{"id":712,"index":0,"char":"ˈ","width":19,"height":34,"xoffset":1,"yoffset":15,"xadvance":20,"chnl":15,"x":311,"y":511,"page":0},{"id":713,"index":0,"char":"ˉ","width":19,"height":34,"xoffset":1,"yoffset":15,"xadvance":20,"chnl":15,"x":317,"y":546,"page":0},{"id":714,"index":0,"char":"ˊ","width":19,"height":34,"xoffset":1,"yoffset":15,"xadvance":20,"chnl":15,"x":373,"y":35,"page":0},{"id":715,"index":0,"char":"ˋ","width":19,"height":34,"xoffset":1,"yoffset":15,"xadvance":20,"chnl":15,"x":388,"y":0,"page":0},{"id":716,"index":0,"char":"ˌ","width":19,"height":34,"xoffset":1,"yoffset":15,"xadvance":20,"chnl":15,"x":373,"y":70,"page":0},{"id":7688,"index":0,"char":"Ḉ","width":19,"height":34,"xoffset":1,"yoffset":15,"xadvance":20,"chnl":15,"x":313,"y":441,"page":0},{"id":7689,"index":0,"char":"ḉ","width":19,"height":34,"xoffset":1,"yoffset":15,"xadvance":20,"chnl":15,"x":313,"y":476,"page":0},{"id":7692,"index":0,"char":"Ḍ","width":19,"height":34,"xoffset":1,"yoffset":15,"xadvance":20,"chnl":15,"x":331,"y":511,"page":0},{"id":7693,"index":0,"char":"ḍ","width":19,"height":34,"xoffset":1,"yoffset":15,"xadvance":20,"chnl":15,"x":315,"y":397,"page":0},{"id":7694,"index":0,"char":"Ḏ","width":19,"height":34,"xoffset":1,"yoffset":15,"xadvance":20,"chnl":15,"x":316,"y":353,"page":0},{"id":7695,"index":0,"char":"ḏ","width":19,"height":34,"xoffset":1,"yoffset":15,"xadvance":20,"chnl":15,"x":332,"y":316,"page":0},{"id":7700,"index":0,"char":"Ḕ","width":19,"height":34,"xoffset":1,"yoffset":15,"xadvance":20,"chnl":15,"x":338,"y":280,"page":0},{"id":7701,"index":0,"char":"ḕ","width":19,"height":34,"xoffset":1,"yoffset":15,"xadvance":20,"chnl":15,"x":351,"y":245,"page":0},{"id":7702,"index":0,"char":"Ḗ","width":19,"height":34,"xoffset":1,"yoffset":15,"xadvance":20,"chnl":15,"x":355,"y":210,"page":0},{"id":7703,"index":0,"char":"ḗ","width":19,"height":34,"xoffset":1,"yoffset":15,"xadvance":20,"chnl":15,"x":363,"y":175,"page":0},{"id":7708,"index":0,"char":"Ḝ","width":19,"height":34,"xoffset":1,"yoffset":15,"xadvance":20,"chnl":15,"x":371,"y":140,"page":0},{"id":7709,"index":0,"char":"ḝ","width":19,"height":34,"xoffset":1,"yoffset":15,"xadvance":20,"chnl":15,"x":380,"y":105,"page":0},{"id":7712,"index":0,"char":"Ḡ","width":19,"height":34,"xoffset":1,"yoffset":15,"xadvance":20,"chnl":15,"x":393,"y":35,"page":0},{"id":7713,"index":0,"char":"ḡ","width":19,"height":34,"xoffset":1,"yoffset":15,"xadvance":20,"chnl":15,"x":408,"y":0,"page":0},{"id":7716,"index":0,"char":"Ḥ","width":19,"height":34,"xoffset":1,"yoffset":15,"xadvance":20,"chnl":15,"x":393,"y":70,"page":0},{"id":7717,"index":0,"char":"ḥ","width":19,"height":34,"xoffset":1,"yoffset":15,"xadvance":20,"chnl":15,"x":333,"y":432,"page":0},{"id":7722,"index":0,"char":"Ḫ","width":19,"height":34,"xoffset":1,"yoffset":15,"xadvance":20,"chnl":15,"x":333,"y":467,"page":0},{"id":7723,"index":0,"char":"ḫ","width":19,"height":34,"xoffset":1,"yoffset":15,"xadvance":20,"chnl":15,"x":335,"y":388,"page":0},{"id":7726,"index":0,"char":"Ḯ","width":19,"height":34,"xoffset":1,"yoffset":15,"xadvance":20,"chnl":15,"x":336,"y":351,"page":0},{"id":7727,"index":0,"char":"ḯ","width":19,"height":34,"xoffset":1,"yoffset":15,"xadvance":20,"chnl":15,"x":352,"y":315,"page":0},{"id":7728,"index":0,"char":"Ḱ","width":19,"height":34,"xoffset":1,"yoffset":15,"xadvance":20,"chnl":15,"x":358,"y":280,"page":0},{"id":7729,"index":0,"char":"ḱ","width":19,"height":34,"xoffset":1,"yoffset":15,"xadvance":20,"chnl":15,"x":371,"y":245,"page":0},{"id":7734,"index":0,"char":"Ḷ","width":19,"height":34,"xoffset":1,"yoffset":15,"xadvance":20,"chnl":15,"x":375,"y":210,"page":0},{"id":7735,"index":0,"char":"ḷ","width":19,"height":34,"xoffset":1,"yoffset":15,"xadvance":20,"chnl":15,"x":383,"y":175,"page":0},{"id":7738,"index":0,"char":"Ḻ","width":19,"height":34,"xoffset":1,"yoffset":15,"xadvance":20,"chnl":15,"x":391,"y":140,"page":0},{"id":7739,"index":0,"char":"ḻ","width":19,"height":34,"xoffset":1,"yoffset":15,"xadvance":20,"chnl":15,"x":400,"y":105,"page":0},{"id":7746,"index":0,"char":"Ṃ","width":19,"height":34,"xoffset":1,"yoffset":15,"xadvance":20,"chnl":15,"x":413,"y":35,"page":0},{"id":7747,"index":0,"char":"ṃ","width":19,"height":34,"xoffset":1,"yoffset":15,"xadvance":20,"chnl":15,"x":428,"y":0,"page":0},{"id":7748,"index":0,"char":"Ṅ","width":19,"height":34,"xoffset":1,"yoffset":15,"xadvance":20,"chnl":15,"x":413,"y":70,"page":0},{"id":7749,"index":0,"char":"ṅ","width":19,"height":34,"xoffset":1,"yoffset":15,"xadvance":20,"chnl":15,"x":246,"y":927,"page":0},{"id":7750,"index":0,"char":"Ṇ","width":19,"height":34,"xoffset":1,"yoffset":15,"xadvance":20,"chnl":15,"x":257,"y":892,"page":0},{"id":7751,"index":0,"char":"ṇ","width":19,"height":34,"xoffset":1,"yoffset":15,"xadvance":20,"chnl":15,"x":259,"y":839,"page":0},{"id":7752,"index":0,"char":"Ṉ","width":19,"height":34,"xoffset":1,"yoffset":15,"xadvance":20,"chnl":15,"x":261,"y":789,"page":0},{"id":7753,"index":0,"char":"ṉ","width":19,"height":34,"xoffset":1,"yoffset":15,"xadvance":20,"chnl":15,"x":277,"y":743,"page":0},{"id":7756,"index":0,"char":"Ṍ","width":19,"height":34,"xoffset":1,"yoffset":15,"xadvance":20,"chnl":15,"x":296,"y":706,"page":0},{"id":7757,"index":0,"char":"ṍ","width":19,"height":34,"xoffset":1,"yoffset":15,"xadvance":20,"chnl":15,"x":306,"y":665,"page":0},{"id":7758,"index":0,"char":"Ṏ","width":19,"height":34,"xoffset":1,"yoffset":15,"xadvance":20,"chnl":15,"x":322,"y":630,"page":0},{"id":7759,"index":0,"char":"ṏ","width":19,"height":34,"xoffset":1,"yoffset":15,"xadvance":20,"chnl":15,"x":334,"y":581,"page":0},{"id":7760,"index":0,"char":"Ṑ","width":19,"height":34,"xoffset":1,"yoffset":15,"xadvance":20,"chnl":15,"x":337,"y":546,"page":0},{"id":7761,"index":0,"char":"ṑ","width":19,"height":34,"xoffset":1,"yoffset":15,"xadvance":20,"chnl":15,"x":351,"y":502,"page":0},{"id":7762,"index":0,"char":"Ṓ","width":19,"height":34,"xoffset":1,"yoffset":15,"xadvance":20,"chnl":15,"x":246,"y":962,"page":0},{"id":7763,"index":0,"char":"ṓ","width":19,"height":34,"xoffset":1,"yoffset":15,"xadvance":20,"chnl":15,"x":353,"y":423,"page":0},{"id":7770,"index":0,"char":"Ṛ","width":19,"height":34,"xoffset":1,"yoffset":15,"xadvance":20,"chnl":15,"x":355,"y":386,"page":0},{"id":7771,"index":0,"char":"ṛ","width":19,"height":34,"xoffset":1,"yoffset":15,"xadvance":20,"chnl":15,"x":356,"y":350,"page":0},{"id":7774,"index":0,"char":"Ṟ","width":19,"height":34,"xoffset":1,"yoffset":15,"xadvance":20,"chnl":15,"x":372,"y":315,"page":0},{"id":7775,"index":0,"char":"ṟ","width":19,"height":34,"xoffset":1,"yoffset":15,"xadvance":20,"chnl":15,"x":378,"y":280,"page":0},{"id":7776,"index":0,"char":"Ṡ","width":19,"height":34,"xoffset":1,"yoffset":15,"xadvance":20,"chnl":15,"x":391,"y":245,"page":0},{"id":7777,"index":0,"char":"ṡ","width":19,"height":34,"xoffset":1,"yoffset":15,"xadvance":20,"chnl":15,"x":395,"y":210,"page":0},{"id":7778,"index":0,"char":"Ṣ","width":19,"height":34,"xoffset":1,"yoffset":15,"xadvance":20,"chnl":15,"x":403,"y":175,"page":0},{"id":7779,"index":0,"char":"ṣ","width":19,"height":34,"xoffset":1,"yoffset":15,"xadvance":20,"chnl":15,"x":411,"y":140,"page":0},{"id":7780,"index":0,"char":"Ṥ","width":19,"height":34,"xoffset":1,"yoffset":15,"xadvance":20,"chnl":15,"x":420,"y":105,"page":0},{"id":7781,"index":0,"char":"ṥ","width":19,"height":34,"xoffset":1,"yoffset":15,"xadvance":20,"chnl":15,"x":353,"y":458,"page":0},{"id":7782,"index":0,"char":"Ṧ","width":19,"height":34,"xoffset":1,"yoffset":15,"xadvance":20,"chnl":15,"x":433,"y":35,"page":0},{"id":7783,"index":0,"char":"ṧ","width":19,"height":34,"xoffset":1,"yoffset":15,"xadvance":20,"chnl":15,"x":448,"y":0,"page":0},{"id":7784,"index":0,"char":"Ṩ","width":19,"height":34,"xoffset":1,"yoffset":15,"xadvance":20,"chnl":15,"x":433,"y":70,"page":0},{"id":7785,"index":0,"char":"ṩ","width":19,"height":34,"xoffset":1,"yoffset":15,"xadvance":20,"chnl":15,"x":266,"y":927,"page":0},{"id":7788,"index":0,"char":"Ṭ","width":19,"height":34,"xoffset":1,"yoffset":15,"xadvance":20,"chnl":15,"x":277,"y":874,"page":0},{"id":7789,"index":0,"char":"ṭ","width":19,"height":34,"xoffset":1,"yoffset":15,"xadvance":20,"chnl":15,"x":279,"y":824,"page":0},{"id":7790,"index":0,"char":"Ṯ","width":19,"height":34,"xoffset":1,"yoffset":15,"xadvance":20,"chnl":15,"x":281,"y":778,"page":0},{"id":7791,"index":0,"char":"ṯ","width":19,"height":34,"xoffset":1,"yoffset":15,"xadvance":20,"chnl":15,"x":297,"y":741,"page":0},{"id":7800,"index":0,"char":"Ṹ","width":19,"height":34,"xoffset":1,"yoffset":15,"xadvance":20,"chnl":15,"x":316,"y":700,"page":0},{"id":7801,"index":0,"char":"ṹ","width":19,"height":34,"xoffset":1,"yoffset":15,"xadvance":20,"chnl":15,"x":326,"y":665,"page":0},{"id":7802,"index":0,"char":"Ṻ","width":19,"height":34,"xoffset":1,"yoffset":15,"xadvance":20,"chnl":15,"x":342,"y":616,"page":0},{"id":7803,"index":0,"char":"ṻ","width":19,"height":34,"xoffset":1,"yoffset":15,"xadvance":20,"chnl":15,"x":354,"y":581,"page":0},{"id":7808,"index":0,"char":"Ẁ","width":19,"height":34,"xoffset":1,"yoffset":15,"xadvance":20,"chnl":15,"x":357,"y":537,"page":0},{"id":7809,"index":0,"char":"ẁ","width":19,"height":34,"xoffset":1,"yoffset":15,"xadvance":20,"chnl":15,"x":371,"y":493,"page":0},{"id":7810,"index":0,"char":"Ẃ","width":19,"height":34,"xoffset":1,"yoffset":15,"xadvance":20,"chnl":15,"x":266,"y":962,"page":0},{"id":7811,"index":0,"char":"ẃ","width":19,"height":34,"xoffset":1,"yoffset":15,"xadvance":20,"chnl":15,"x":373,"y":421,"page":0},{"id":7812,"index":0,"char":"Ẅ","width":19,"height":34,"xoffset":1,"yoffset":15,"xadvance":20,"chnl":15,"x":375,"y":385,"page":0},{"id":7813,"index":0,"char":"ẅ","width":19,"height":34,"xoffset":1,"yoffset":15,"xadvance":20,"chnl":15,"x":376,"y":350,"page":0},{"id":7822,"index":0,"char":"Ẏ","width":19,"height":34,"xoffset":1,"yoffset":15,"xadvance":20,"chnl":15,"x":392,"y":315,"page":0},{"id":7823,"index":0,"char":"ẏ","width":19,"height":34,"xoffset":1,"yoffset":15,"xadvance":20,"chnl":15,"x":398,"y":280,"page":0},{"id":7826,"index":0,"char":"Ẓ","width":19,"height":34,"xoffset":1,"yoffset":15,"xadvance":20,"chnl":15,"x":411,"y":245,"page":0},{"id":7827,"index":0,"char":"ẓ","width":19,"height":34,"xoffset":1,"yoffset":15,"xadvance":20,"chnl":15,"x":415,"y":210,"page":0},{"id":7831,"index":0,"char":"ẗ","width":19,"height":34,"xoffset":1,"yoffset":15,"xadvance":20,"chnl":15,"x":423,"y":175,"page":0},{"id":7838,"index":0,"char":"ẞ","width":19,"height":34,"xoffset":1,"yoffset":15,"xadvance":20,"chnl":15,"x":431,"y":140,"page":0},{"id":7840,"index":0,"char":"Ạ","width":19,"height":34,"xoffset":1,"yoffset":15,"xadvance":20,"chnl":15,"x":440,"y":105,"page":0},{"id":7841,"index":0,"char":"ạ","width":19,"height":34,"xoffset":1,"yoffset":15,"xadvance":20,"chnl":15,"x":373,"y":456,"page":0},{"id":7842,"index":0,"char":"Ả","width":19,"height":34,"xoffset":1,"yoffset":15,"xadvance":20,"chnl":15,"x":453,"y":35,"page":0},{"id":7843,"index":0,"char":"ả","width":19,"height":34,"xoffset":1,"yoffset":15,"xadvance":20,"chnl":15,"x":468,"y":0,"page":0},{"id":7844,"index":0,"char":"Ấ","width":19,"height":34,"xoffset":1,"yoffset":15,"xadvance":20,"chnl":15,"x":453,"y":70,"page":0},{"id":7845,"index":0,"char":"ấ","width":19,"height":34,"xoffset":1,"yoffset":15,"xadvance":20,"chnl":15,"x":286,"y":909,"page":0},{"id":7846,"index":0,"char":"Ầ","width":19,"height":34,"xoffset":1,"yoffset":15,"xadvance":20,"chnl":15,"x":297,"y":859,"page":0},{"id":7847,"index":0,"char":"ầ","width":19,"height":34,"xoffset":1,"yoffset":15,"xadvance":20,"chnl":15,"x":299,"y":813,"page":0},{"id":7848,"index":0,"char":"Ẩ","width":19,"height":34,"xoffset":1,"yoffset":15,"xadvance":20,"chnl":15,"x":301,"y":776,"page":0},{"id":7849,"index":0,"char":"ẩ","width":19,"height":34,"xoffset":1,"yoffset":15,"xadvance":20,"chnl":15,"x":317,"y":735,"page":0},{"id":7850,"index":0,"char":"Ẫ","width":19,"height":34,"xoffset":1,"yoffset":15,"xadvance":20,"chnl":15,"x":336,"y":700,"page":0},{"id":7851,"index":0,"char":"ẫ","width":19,"height":34,"xoffset":1,"yoffset":15,"xadvance":20,"chnl":15,"x":346,"y":651,"page":0},{"id":7852,"index":0,"char":"Ậ","width":19,"height":34,"xoffset":1,"yoffset":15,"xadvance":20,"chnl":15,"x":362,"y":616,"page":0},{"id":7853,"index":0,"char":"ậ","width":19,"height":34,"xoffset":1,"yoffset":15,"xadvance":20,"chnl":15,"x":374,"y":572,"page":0},{"id":7854,"index":0,"char":"Ắ","width":19,"height":34,"xoffset":1,"yoffset":15,"xadvance":20,"chnl":15,"x":377,"y":528,"page":0},{"id":7855,"index":0,"char":"ắ","width":19,"height":34,"xoffset":1,"yoffset":15,"xadvance":20,"chnl":15,"x":391,"y":491,"page":0},{"id":7856,"index":0,"char":"Ằ","width":19,"height":34,"xoffset":1,"yoffset":15,"xadvance":20,"chnl":15,"x":393,"y":420,"page":0},{"id":7857,"index":0,"char":"ằ","width":19,"height":34,"xoffset":1,"yoffset":15,"xadvance":20,"chnl":15,"x":395,"y":385,"page":0},{"id":7858,"index":0,"char":"Ẳ","width":19,"height":34,"xoffset":1,"yoffset":15,"xadvance":20,"chnl":15,"x":396,"y":350,"page":0},{"id":7859,"index":0,"char":"ẳ","width":19,"height":34,"xoffset":1,"yoffset":15,"xadvance":20,"chnl":15,"x":412,"y":315,"page":0},{"id":7860,"index":0,"char":"Ẵ","width":19,"height":34,"xoffset":1,"yoffset":15,"xadvance":20,"chnl":15,"x":418,"y":280,"page":0},{"id":7861,"index":0,"char":"ẵ","width":19,"height":34,"xoffset":1,"yoffset":15,"xadvance":20,"chnl":15,"x":431,"y":245,"page":0},{"id":7862,"index":0,"char":"Ặ","width":19,"height":34,"xoffset":1,"yoffset":15,"xadvance":20,"chnl":15,"x":435,"y":210,"page":0},{"id":7863,"index":0,"char":"ặ","width":19,"height":34,"xoffset":1,"yoffset":15,"xadvance":20,"chnl":15,"x":443,"y":175,"page":0},{"id":7864,"index":0,"char":"Ẹ","width":19,"height":34,"xoffset":1,"yoffset":15,"xadvance":20,"chnl":15,"x":451,"y":140,"page":0},{"id":7865,"index":0,"char":"ẹ","width":19,"height":34,"xoffset":1,"yoffset":15,"xadvance":20,"chnl":15,"x":460,"y":105,"page":0},{"id":7866,"index":0,"char":"Ẻ","width":19,"height":34,"xoffset":1,"yoffset":15,"xadvance":20,"chnl":15,"x":393,"y":455,"page":0},{"id":7867,"index":0,"char":"ẻ","width":19,"height":34,"xoffset":1,"yoffset":15,"xadvance":20,"chnl":15,"x":473,"y":35,"page":0},{"id":7868,"index":0,"char":"Ẽ","width":19,"height":34,"xoffset":1,"yoffset":15,"xadvance":20,"chnl":15,"x":488,"y":0,"page":0},{"id":7869,"index":0,"char":"ẽ","width":19,"height":34,"xoffset":1,"yoffset":15,"xadvance":20,"chnl":15,"x":473,"y":70,"page":0},{"id":7870,"index":0,"char":"Ế","width":19,"height":34,"xoffset":1,"yoffset":15,"xadvance":20,"chnl":15,"x":286,"y":944,"page":0},{"id":7871,"index":0,"char":"ế","width":19,"height":34,"xoffset":1,"yoffset":15,"xadvance":20,"chnl":15,"x":286,"y":979,"page":0},{"id":7872,"index":0,"char":"Ề","width":19,"height":34,"xoffset":1,"yoffset":15,"xadvance":20,"chnl":15,"x":306,"y":894,"page":0},{"id":7873,"index":0,"char":"ề","width":19,"height":34,"xoffset":1,"yoffset":15,"xadvance":20,"chnl":15,"x":317,"y":848,"page":0},{"id":7874,"index":0,"char":"Ể","width":19,"height":34,"xoffset":1,"yoffset":15,"xadvance":20,"chnl":15,"x":319,"y":811,"page":0},{"id":7875,"index":0,"char":"ể","width":19,"height":34,"xoffset":1,"yoffset":15,"xadvance":20,"chnl":15,"x":321,"y":770,"page":0},{"id":7876,"index":0,"char":"Ễ","width":19,"height":34,"xoffset":1,"yoffset":15,"xadvance":20,"chnl":15,"x":337,"y":735,"page":0},{"id":7877,"index":0,"char":"ễ","width":19,"height":34,"xoffset":1,"yoffset":15,"xadvance":20,"chnl":15,"x":356,"y":686,"page":0},{"id":7878,"index":0,"char":"Ệ","width":19,"height":34,"xoffset":1,"yoffset":15,"xadvance":20,"chnl":15,"x":366,"y":651,"page":0},{"id":7879,"index":0,"char":"ệ","width":19,"height":34,"xoffset":1,"yoffset":15,"xadvance":20,"chnl":15,"x":382,"y":607,"page":0},{"id":7880,"index":0,"char":"Ỉ","width":19,"height":34,"xoffset":1,"yoffset":15,"xadvance":20,"chnl":15,"x":394,"y":563,"page":0},{"id":7881,"index":0,"char":"ỉ","width":19,"height":34,"xoffset":1,"yoffset":15,"xadvance":20,"chnl":15,"x":397,"y":526,"page":0},{"id":7882,"index":0,"char":"Ị","width":19,"height":34,"xoffset":1,"yoffset":15,"xadvance":20,"chnl":15,"x":411,"y":490,"page":0},{"id":7883,"index":0,"char":"ị","width":19,"height":34,"xoffset":1,"yoffset":15,"xadvance":20,"chnl":15,"x":413,"y":420,"page":0},{"id":7884,"index":0,"char":"Ọ","width":19,"height":34,"xoffset":1,"yoffset":15,"xadvance":20,"chnl":15,"x":415,"y":385,"page":0},{"id":7885,"index":0,"char":"ọ","width":19,"height":34,"xoffset":1,"yoffset":15,"xadvance":20,"chnl":15,"x":413,"y":455,"page":0},{"id":7886,"index":0,"char":"Ỏ","width":19,"height":34,"xoffset":1,"yoffset":15,"xadvance":20,"chnl":15,"x":416,"y":350,"page":0},{"id":7887,"index":0,"char":"ỏ","width":19,"height":34,"xoffset":1,"yoffset":15,"xadvance":20,"chnl":15,"x":432,"y":315,"page":0},{"id":7888,"index":0,"char":"Ố","width":19,"height":34,"xoffset":1,"yoffset":15,"xadvance":20,"chnl":15,"x":438,"y":280,"page":0},{"id":7889,"index":0,"char":"ố","width":19,"height":34,"xoffset":1,"yoffset":15,"xadvance":20,"chnl":15,"x":451,"y":245,"page":0},{"id":7890,"index":0,"char":"Ồ","width":19,"height":34,"xoffset":1,"yoffset":15,"xadvance":20,"chnl":15,"x":455,"y":210,"page":0},{"id":7891,"index":0,"char":"ồ","width":19,"height":34,"xoffset":1,"yoffset":15,"xadvance":20,"chnl":15,"x":463,"y":175,"page":0},{"id":7892,"index":0,"char":"Ổ","width":19,"height":34,"xoffset":1,"yoffset":15,"xadvance":20,"chnl":15,"x":471,"y":140,"page":0},{"id":7893,"index":0,"char":"ổ","width":19,"height":34,"xoffset":1,"yoffset":15,"xadvance":20,"chnl":15,"x":480,"y":105,"page":0},{"id":7894,"index":0,"char":"Ỗ","width":19,"height":34,"xoffset":1,"yoffset":15,"xadvance":20,"chnl":15,"x":493,"y":35,"page":0},{"id":7895,"index":0,"char":"ỗ","width":19,"height":34,"xoffset":1,"yoffset":15,"xadvance":20,"chnl":15,"x":508,"y":0,"page":0},{"id":7896,"index":0,"char":"Ộ","width":19,"height":34,"xoffset":1,"yoffset":15,"xadvance":20,"chnl":15,"x":493,"y":70,"page":0},{"id":7897,"index":0,"char":"ộ","width":19,"height":34,"xoffset":1,"yoffset":15,"xadvance":20,"chnl":15,"x":306,"y":929,"page":0},{"id":7898,"index":0,"char":"Ớ","width":19,"height":34,"xoffset":1,"yoffset":15,"xadvance":20,"chnl":15,"x":306,"y":964,"page":0},{"id":7899,"index":0,"char":"ớ","width":19,"height":34,"xoffset":1,"yoffset":15,"xadvance":20,"chnl":15,"x":326,"y":883,"page":0},{"id":7900,"index":0,"char":"Ờ","width":19,"height":34,"xoffset":1,"yoffset":15,"xadvance":20,"chnl":15,"x":337,"y":846,"page":0},{"id":7901,"index":0,"char":"ờ","width":19,"height":34,"xoffset":1,"yoffset":15,"xadvance":20,"chnl":15,"x":339,"y":805,"page":0},{"id":7902,"index":0,"char":"Ở","width":19,"height":34,"xoffset":1,"yoffset":15,"xadvance":20,"chnl":15,"x":341,"y":770,"page":0},{"id":7903,"index":0,"char":"ở","width":19,"height":34,"xoffset":1,"yoffset":15,"xadvance":20,"chnl":15,"x":357,"y":721,"page":0},{"id":7904,"index":0,"char":"Ỡ","width":19,"height":34,"xoffset":1,"yoffset":15,"xadvance":20,"chnl":15,"x":376,"y":686,"page":0},{"id":7905,"index":0,"char":"ỡ","width":19,"height":34,"xoffset":1,"yoffset":15,"xadvance":20,"chnl":15,"x":386,"y":642,"page":0},{"id":7906,"index":0,"char":"Ợ","width":19,"height":34,"xoffset":1,"yoffset":15,"xadvance":20,"chnl":15,"x":402,"y":598,"page":0},{"id":7907,"index":0,"char":"ợ","width":19,"height":34,"xoffset":1,"yoffset":15,"xadvance":20,"chnl":15,"x":414,"y":561,"page":0},{"id":7908,"index":0,"char":"Ụ","width":19,"height":34,"xoffset":1,"yoffset":15,"xadvance":20,"chnl":15,"x":417,"y":525,"page":0},{"id":7909,"index":0,"char":"ụ","width":19,"height":34,"xoffset":1,"yoffset":15,"xadvance":20,"chnl":15,"x":431,"y":490,"page":0},{"id":7910,"index":0,"char":"Ủ","width":19,"height":34,"xoffset":1,"yoffset":15,"xadvance":20,"chnl":15,"x":433,"y":420,"page":0},{"id":7911,"index":0,"char":"ủ","width":19,"height":34,"xoffset":1,"yoffset":15,"xadvance":20,"chnl":15,"x":435,"y":385,"page":0},{"id":7912,"index":0,"char":"Ứ","width":19,"height":34,"xoffset":1,"yoffset":15,"xadvance":20,"chnl":15,"x":433,"y":455,"page":0},{"id":7913,"index":0,"char":"ứ","width":19,"height":34,"xoffset":1,"yoffset":15,"xadvance":20,"chnl":15,"x":436,"y":350,"page":0},{"id":7914,"index":0,"char":"Ừ","width":19,"height":34,"xoffset":1,"yoffset":15,"xadvance":20,"chnl":15,"x":452,"y":315,"page":0},{"id":7915,"index":0,"char":"ừ","width":19,"height":34,"xoffset":1,"yoffset":15,"xadvance":20,"chnl":15,"x":458,"y":280,"page":0},{"id":7916,"index":0,"char":"Ử","width":19,"height":34,"xoffset":1,"yoffset":15,"xadvance":20,"chnl":15,"x":471,"y":245,"page":0},{"id":7917,"index":0,"char":"ử","width":19,"height":34,"xoffset":1,"yoffset":15,"xadvance":20,"chnl":15,"x":475,"y":210,"page":0},{"id":7918,"index":0,"char":"Ữ","width":19,"height":34,"xoffset":1,"yoffset":15,"xadvance":20,"chnl":15,"x":483,"y":175,"page":0},{"id":7919,"index":0,"char":"ữ","width":19,"height":34,"xoffset":1,"yoffset":15,"xadvance":20,"chnl":15,"x":491,"y":140,"page":0},{"id":7920,"index":0,"char":"Ự","width":19,"height":34,"xoffset":1,"yoffset":15,"xadvance":20,"chnl":15,"x":500,"y":105,"page":0},{"id":7921,"index":0,"char":"ự","width":19,"height":34,"xoffset":1,"yoffset":15,"xadvance":20,"chnl":15,"x":513,"y":35,"page":0},{"id":7922,"index":0,"char":"Ỳ","width":19,"height":34,"xoffset":1,"yoffset":15,"xadvance":20,"chnl":15,"x":528,"y":0,"page":0},{"id":7923,"index":0,"char":"ỳ","width":19,"height":34,"xoffset":1,"yoffset":15,"xadvance":20,"chnl":15,"x":513,"y":70,"page":0},{"id":7924,"index":0,"char":"Ỵ","width":19,"height":34,"xoffset":1,"yoffset":15,"xadvance":20,"chnl":15,"x":326,"y":918,"page":0},{"id":7925,"index":0,"char":"ỵ","width":19,"height":34,"xoffset":1,"yoffset":15,"xadvance":20,"chnl":15,"x":326,"y":953,"page":0},{"id":7926,"index":0,"char":"Ỷ","width":19,"height":34,"xoffset":1,"yoffset":15,"xadvance":20,"chnl":15,"x":326,"y":988,"page":0},{"id":7927,"index":0,"char":"ỷ","width":19,"height":34,"xoffset":1,"yoffset":15,"xadvance":20,"chnl":15,"x":346,"y":881,"page":0},{"id":7928,"index":0,"char":"Ỹ","width":19,"height":34,"xoffset":1,"yoffset":15,"xadvance":20,"chnl":15,"x":357,"y":840,"page":0},{"id":7929,"index":0,"char":"ỹ","width":19,"height":34,"xoffset":1,"yoffset":15,"xadvance":20,"chnl":15,"x":359,"y":805,"page":0},{"id":8192,"index":0,"char":" ","width":19,"height":34,"xoffset":1,"yoffset":15,"xadvance":20,"chnl":15,"x":361,"y":756,"page":0},{"id":8193,"index":0,"char":" ","width":19,"height":34,"xoffset":1,"yoffset":15,"xadvance":20,"chnl":15,"x":377,"y":721,"page":0},{"id":8194,"index":0,"char":" ","width":19,"height":34,"xoffset":1,"yoffset":15,"xadvance":20,"chnl":15,"x":396,"y":677,"page":0},{"id":8195,"index":0,"char":" ","width":19,"height":34,"xoffset":1,"yoffset":15,"xadvance":20,"chnl":15,"x":406,"y":633,"page":0},{"id":8196,"index":0,"char":" ","width":19,"height":34,"xoffset":1,"yoffset":15,"xadvance":20,"chnl":15,"x":422,"y":596,"page":0},{"id":8197,"index":0,"char":" ","width":19,"height":34,"xoffset":1,"yoffset":15,"xadvance":20,"chnl":15,"x":434,"y":560,"page":0},{"id":8198,"index":0,"char":" ","width":19,"height":34,"xoffset":1,"yoffset":15,"xadvance":20,"chnl":15,"x":437,"y":525,"page":0},{"id":8199,"index":0,"char":" ","width":19,"height":34,"xoffset":1,"yoffset":15,"xadvance":20,"chnl":15,"x":451,"y":490,"page":0},{"id":8200,"index":0,"char":" ","width":19,"height":34,"xoffset":1,"yoffset":15,"xadvance":20,"chnl":15,"x":453,"y":420,"page":0},{"id":8201,"index":0,"char":" ","width":19,"height":34,"xoffset":1,"yoffset":15,"xadvance":20,"chnl":15,"x":455,"y":385,"page":0},{"id":8202,"index":0,"char":" ","width":19,"height":34,"xoffset":1,"yoffset":15,"xadvance":20,"chnl":15,"x":453,"y":455,"page":0},{"id":8203,"index":0,"char":"​","width":19,"height":34,"xoffset":1,"yoffset":15,"xadvance":20,"chnl":15,"x":456,"y":350,"page":0},{"id":8208,"index":0,"char":"‐","width":19,"height":34,"xoffset":1,"yoffset":15,"xadvance":20,"chnl":15,"x":472,"y":315,"page":0},{"id":8209,"index":0,"char":"‑","width":19,"height":34,"xoffset":1,"yoffset":15,"xadvance":20,"chnl":15,"x":478,"y":280,"page":0},{"id":8210,"index":0,"char":"‒","width":19,"height":34,"xoffset":1,"yoffset":15,"xadvance":20,"chnl":15,"x":491,"y":245,"page":0},{"id":8213,"index":0,"char":"―","width":19,"height":34,"xoffset":1,"yoffset":15,"xadvance":20,"chnl":15,"x":495,"y":210,"page":0},{"id":8224,"index":242,"char":"†","width":23,"height":34,"xoffset":1,"yoffset":15,"xadvance":24,"chnl":15,"x":503,"y":175,"page":0},{"id":8242,"index":0,"char":"′","width":19,"height":34,"xoffset":1,"yoffset":15,"xadvance":20,"chnl":15,"x":511,"y":140,"page":0},{"id":8243,"index":0,"char":"″","width":19,"height":34,"xoffset":1,"yoffset":15,"xadvance":20,"chnl":15,"x":520,"y":105,"page":0},{"id":8244,"index":0,"char":"‴","width":19,"height":34,"xoffset":1,"yoffset":15,"xadvance":20,"chnl":15,"x":533,"y":35,"page":0},{"id":8245,"index":0,"char":"‵","width":19,"height":34,"xoffset":1,"yoffset":15,"xadvance":20,"chnl":15,"x":548,"y":0,"page":0},{"id":8260,"index":249,"char":"⁄","width":22,"height":34,"xoffset":-7,"yoffset":15,"xadvance":9,"chnl":15,"x":533,"y":70,"page":0},{"id":8274,"index":0,"char":"⁒","width":19,"height":34,"xoffset":1,"yoffset":15,"xadvance":20,"chnl":15,"x":553,"y":35,"page":0},{"id":8353,"index":0,"char":"₡","width":19,"height":34,"xoffset":1,"yoffset":15,"xadvance":20,"chnl":15,"x":568,"y":0,"page":0},{"id":8355,"index":0,"char":"₣","width":19,"height":34,"xoffset":1,"yoffset":15,"xadvance":20,"chnl":15,"x":346,"y":916,"page":0},{"id":8356,"index":0,"char":"₤","width":19,"height":34,"xoffset":1,"yoffset":15,"xadvance":20,"chnl":15,"x":346,"y":951,"page":0},{"id":8358,"index":0,"char":"₦","width":19,"height":34,"xoffset":1,"yoffset":15,"xadvance":20,"chnl":15,"x":346,"y":986,"page":0},{"id":8359,"index":0,"char":"₧","width":19,"height":34,"xoffset":1,"yoffset":15,"xadvance":20,"chnl":15,"x":366,"y":875,"page":0},{"id":8361,"index":0,"char":"₩","width":19,"height":34,"xoffset":1,"yoffset":15,"xadvance":20,"chnl":15,"x":377,"y":840,"page":0},{"id":8363,"index":0,"char":"₫","width":19,"height":34,"xoffset":1,"yoffset":15,"xadvance":20,"chnl":15,"x":379,"y":791,"page":0},{"id":8364,"index":250,"char":"€","width":25,"height":34,"xoffset":-2,"yoffset":15,"xadvance":23,"chnl":15,"x":381,"y":756,"page":0},{"id":8365,"index":0,"char":"₭","width":19,"height":34,"xoffset":1,"yoffset":15,"xadvance":20,"chnl":15,"x":397,"y":712,"page":0},{"id":8366,"index":0,"char":"₮","width":19,"height":34,"xoffset":1,"yoffset":15,"xadvance":20,"chnl":15,"x":416,"y":668,"page":0},{"id":8369,"index":0,"char":"₱","width":19,"height":34,"xoffset":1,"yoffset":15,"xadvance":20,"chnl":15,"x":426,"y":631,"page":0},{"id":8370,"index":0,"char":"₲","width":19,"height":34,"xoffset":1,"yoffset":15,"xadvance":20,"chnl":15,"x":442,"y":595,"page":0},{"id":8372,"index":0,"char":"₴","width":19,"height":34,"xoffset":1,"yoffset":15,"xadvance":20,"chnl":15,"x":454,"y":560,"page":0},{"id":8373,"index":0,"char":"₵","width":19,"height":34,"xoffset":1,"yoffset":15,"xadvance":20,"chnl":15,"x":457,"y":525,"page":0},{"id":8376,"index":0,"char":"₸","width":19,"height":34,"xoffset":1,"yoffset":15,"xadvance":20,"chnl":15,"x":471,"y":490,"page":0},{"id":8377,"index":0,"char":"₹","width":19,"height":34,"xoffset":1,"yoffset":15,"xadvance":20,"chnl":15,"x":473,"y":420,"page":0},{"id":8378,"index":0,"char":"₺","width":19,"height":34,"xoffset":1,"yoffset":15,"xadvance":20,"chnl":15,"x":475,"y":385,"page":0},{"id":8380,"index":0,"char":"₼","width":19,"height":34,"xoffset":1,"yoffset":15,"xadvance":20,"chnl":15,"x":473,"y":455,"page":0},{"id":8381,"index":0,"char":"₽","width":19,"height":34,"xoffset":1,"yoffset":15,"xadvance":20,"chnl":15,"x":476,"y":350,"page":0},{"id":8592,"index":0,"char":"←","width":19,"height":34,"xoffset":1,"yoffset":15,"xadvance":20,"chnl":15,"x":492,"y":315,"page":0},{"id":8593,"index":0,"char":"↑","width":19,"height":34,"xoffset":1,"yoffset":15,"xadvance":20,"chnl":15,"x":498,"y":280,"page":0},{"id":8594,"index":0,"char":"→","width":19,"height":34,"xoffset":1,"yoffset":15,"xadvance":20,"chnl":15,"x":511,"y":245,"page":0},{"id":8595,"index":0,"char":"↓","width":19,"height":34,"xoffset":1,"yoffset":15,"xadvance":20,"chnl":15,"x":515,"y":210,"page":0},{"id":8709,"index":0,"char":"∅","width":19,"height":34,"xoffset":1,"yoffset":15,"xadvance":20,"chnl":15,"x":527,"y":175,"page":0},{"id":8710,"index":231,"char":"∆","width":30,"height":34,"xoffset":-2,"yoffset":15,"xadvance":27,"chnl":15,"x":531,"y":140,"page":0},{"id":8725,"index":0,"char":"∕","width":19,"height":34,"xoffset":1,"yoffset":15,"xadvance":20,"chnl":15,"x":540,"y":105,"page":0},{"id":8729,"index":0,"char":"∙","width":19,"height":34,"xoffset":1,"yoffset":15,"xadvance":20,"chnl":15,"x":556,"y":70,"page":0},{"id":8730,"index":258,"char":"√","width":30,"height":34,"xoffset":-1,"yoffset":15,"xadvance":29,"chnl":15,"x":573,"y":35,"page":0},{"id":8758,"index":0,"char":"∶","width":19,"height":34,"xoffset":1,"yoffset":15,"xadvance":20,"chnl":15,"x":560,"y":105,"page":0},{"id":8801,"index":0,"char":"≡","width":19,"height":34,"xoffset":1,"yoffset":15,"xadvance":20,"chnl":15,"x":588,"y":0,"page":0},{"id":8802,"index":0,"char":"≢","width":19,"height":34,"xoffset":1,"yoffset":15,"xadvance":20,"chnl":15,"x":576,"y":70,"page":0},{"id":8230,"index":245,"char":"…","width":33,"height":11,"xoffset":1,"yoffset":39,"xadvance":37,"chnl":15,"x":379,"y":826,"page":0},{"id":116,"index":87,"char":"t","width":16,"height":32,"xoffset":-1,"yoffset":17,"xadvance":15,"chnl":15,"x":399,"y":791,"page":0},{"id":8734,"index":259,"char":"∞","width":31,"height":18,"xoffset":0,"yoffset":25,"xadvance":31,"chnl":15,"x":166,"y":1002,"page":0},{"id":177,"index":114,"char":"±","width":23,"height":30,"xoffset":0,"yoffset":19,"xadvance":23,"chnl":15,"x":407,"y":747,"page":0},{"id":248,"index":185,"char":"ø","width":24,"height":30,"xoffset":-1,"yoffset":21,"xadvance":23,"chnl":15,"x":417,"y":703,"page":0},{"id":8804,"index":263,"char":"≤","width":23,"height":30,"xoffset":0,"yoffset":19,"xadvance":23,"chnl":15,"x":436,"y":666,"page":0},{"id":8805,"index":264,"char":"≥","width":23,"height":30,"xoffset":0,"yoffset":19,"xadvance":23,"chnl":15,"x":446,"y":630,"page":0},{"id":59,"index":30,"char":";","width":11,"height":29,"xoffset":2,"yoffset":27,"xadvance":13,"chnl":15,"x":462,"y":595,"page":0},{"id":99,"index":70,"char":"c","width":23,"height":29,"xoffset":-1,"yoffset":21,"xadvance":22,"chnl":15,"x":366,"y":910,"page":0},{"id":101,"index":72,"char":"e","width":23,"height":29,"xoffset":0,"yoffset":21,"xadvance":23,"chnl":15,"x":386,"y":875,"page":0},{"id":111,"index":82,"char":"o","width":24,"height":29,"xoffset":-1,"yoffset":21,"xadvance":23,"chnl":15,"x":397,"y":838,"page":0},{"id":115,"index":86,"char":"s","width":22,"height":29,"xoffset":-1,"yoffset":21,"xadvance":21,"chnl":15,"x":416,"y":778,"page":0},{"id":8800,"index":262,"char":"≠","width":25,"height":29,"xoffset":0,"yoffset":20,"xadvance":25,"chnl":15,"x":416,"y":808,"page":0},{"id":97,"index":68,"char":"a","width":23,"height":28,"xoffset":-2,"yoffset":21,"xadvance":22,"chnl":15,"x":431,"y":734,"page":0},{"id":110,"index":81,"char":"n","width":23,"height":28,"xoffset":1,"yoffset":21,"xadvance":24,"chnl":15,"x":442,"y":697,"page":0},{"id":114,"index":85,"char":"r","width":18,"height":28,"xoffset":0,"yoffset":21,"xadvance":16,"chnl":15,"x":460,"y":661,"page":0},{"id":117,"index":88,"char":"u","width":23,"height":28,"xoffset":0,"yoffset":21,"xadvance":24,"chnl":15,"x":470,"y":625,"page":0},{"id":118,"index":89,"char":"v","width":24,"height":28,"xoffset":-2,"yoffset":21,"xadvance":21,"chnl":15,"x":439,"y":763,"page":0},{"id":120,"index":91,"char":"x","width":25,"height":28,"xoffset":-1,"yoffset":21,"xadvance":22,"chnl":15,"x":455,"y":726,"page":0},{"id":122,"index":93,"char":"z","width":22,"height":28,"xoffset":-1,"yoffset":21,"xadvance":20,"chnl":15,"x":466,"y":690,"page":0},{"id":247,"index":184,"char":"÷","width":23,"height":28,"xoffset":0,"yoffset":21,"xadvance":23,"chnl":15,"x":479,"y":654,"page":0},{"id":312,"index":202,"char":"ĸ","width":25,"height":28,"xoffset":1,"yoffset":21,"xadvance":23,"chnl":15,"x":474,"y":560,"page":0},{"id":95,"index":66,"char":"_","width":27,"height":8,"xoffset":-2,"yoffset":49,"xadvance":23,"chnl":15,"x":51,"y":698,"page":0},{"id":164,"index":102,"char":"¤","width":27,"height":27,"xoffset":0,"yoffset":21,"xadvance":28,"chnl":15,"x":246,"y":997,"page":0},{"id":126,"index":97,"char":"~","width":26,"height":12,"xoffset":0,"yoffset":29,"xadvance":25,"chnl":15,"x":174,"y":682,"page":0},{"id":171,"index":109,"char":"«","width":26,"height":25,"xoffset":0,"yoffset":23,"xadvance":26,"chnl":15,"x":198,"y":998,"page":0},{"id":187,"index":124,"char":"»","width":26,"height":25,"xoffset":1,"yoffset":23,"xadvance":26,"chnl":15,"x":477,"y":525,"page":0},{"id":305,"index":196,"char":"ı","width":9,"height":26,"xoffset":1,"yoffset":23,"xadvance":12,"chnl":15,"x":274,"y":997,"page":0},{"id":8776,"index":261,"char":"≈","width":26,"height":21,"xoffset":0,"yoffset":24,"xadvance":25,"chnl":15,"x":491,"y":490,"page":0},{"id":8249,"index":247,"char":"‹","width":14,"height":25,"xoffset":1,"yoffset":23,"xadvance":15,"chnl":15,"x":306,"y":999,"page":0},{"id":8250,"index":248,"char":"›","width":14,"height":25,"xoffset":1,"yoffset":23,"xadvance":15,"chnl":15,"x":474,"y":589,"page":0},{"id":60,"index":31,"char":"<","width":20,"height":24,"xoffset":0,"yoffset":23,"xadvance":21,"chnl":15,"x":489,"y":589,"page":0},{"id":62,"index":33,"char":">","width":20,"height":24,"xoffset":0,"yoffset":23,"xadvance":21,"chnl":15,"x":500,"y":551,"page":0},{"id":94,"index":65,"char":"^","width":24,"height":18,"xoffset":1,"yoffset":15,"xadvance":25,"chnl":15,"x":504,"y":512,"page":0},{"id":43,"index":14,"char":"+","width":23,"height":23,"xoffset":0,"yoffset":24,"xadvance":23,"chnl":15,"x":494,"y":614,"page":0},{"id":58,"index":29,"char":":","width":11,"height":23,"xoffset":2,"yoffset":27,"xadvance":13,"chnl":15,"x":510,"y":576,"page":0},{"id":61,"index":32,"char":"=","width":23,"height":18,"xoffset":0,"yoffset":26,"xadvance":23,"chnl":15,"x":504,"y":531,"page":0},{"id":172,"index":110,"char":"¬","width":23,"height":15,"xoffset":0,"yoffset":30,"xadvance":23,"chnl":15,"x":439,"y":792,"page":0},{"id":215,"index":152,"char":"×","width":23,"height":23,"xoffset":0,"yoffset":24,"xadvance":23,"chnl":15,"x":521,"y":550,"page":0},{"id":8211,"index":234,"char":"–","width":23,"height":9,"xoffset":0,"yoffset":30,"xadvance":23,"chnl":15,"x":0,"y":1014,"page":0},{"id":8722,"index":257,"char":"−","width":23,"height":9,"xoffset":0,"yoffset":30,"xadvance":23,"chnl":15,"x":131,"y":622,"page":0},{"id":170,"index":108,"char":"ª","width":18,"height":22,"xoffset":-1,"yoffset":15,"xadvance":19,"chnl":15,"x":493,"y":420,"page":0},{"id":178,"index":115,"char":"²","width":15,"height":22,"xoffset":0,"yoffset":15,"xadvance":15,"chnl":15,"x":495,"y":385,"page":0},{"id":179,"index":116,"char":"³","width":15,"height":22,"xoffset":0,"yoffset":15,"xadvance":15,"chnl":15,"x":496,"y":350,"page":0},{"id":185,"index":122,"char":"¹","width":10,"height":22,"xoffset":1,"yoffset":15,"xadvance":12,"chnl":15,"x":493,"y":443,"page":0},{"id":186,"index":123,"char":"º","width":19,"height":22,"xoffset":0,"yoffset":15,"xadvance":19,"chnl":15,"x":493,"y":466,"page":0},{"id":42,"index":13,"char":"*","width":20,"height":20,"xoffset":0,"yoffset":15,"xadvance":21,"chnl":15,"x":504,"y":443,"page":0},{"id":733,"index":229,"char":"˝","width":20,"height":10,"xoffset":1,"yoffset":12,"xadvance":21,"chnl":15,"x":132,"y":897,"page":0},{"id":168,"index":106,"char":"¨","width":19,"height":10,"xoffset":1,"yoffset":13,"xadvance":21,"chnl":15,"x":68,"y":525,"page":0},{"id":176,"index":113,"char":"°","width":19,"height":19,"xoffset":0,"yoffset":14,"xadvance":20,"chnl":15,"x":513,"y":464,"page":0},{"id":732,"index":228,"char":"˜","width":19,"height":9,"xoffset":1,"yoffset":14,"xadvance":21,"chnl":15,"x":178,"y":30,"page":0},{"id":8220,"index":239,"char":"“","width":19,"height":14,"xoffset":1,"yoffset":11,"xadvance":20,"chnl":15,"x":206,"y":102,"page":0},{"id":8221,"index":240,"char":"”","width":19,"height":14,"xoffset":1,"yoffset":15,"xadvance":20,"chnl":15,"x":107,"y":633,"page":0},{"id":8222,"index":241,"char":"„","width":19,"height":14,"xoffset":1,"yoffset":40,"xadvance":20,"chnl":15,"x":129,"y":668,"page":0},{"id":34,"index":5,"char":"\"","width":18,"height":13,"xoffset":1,"yoffset":15,"xadvance":19,"chnl":15,"x":103,"y":827,"page":0},{"id":728,"index":224,"char":"˘","width":18,"height":10,"xoffset":2,"yoffset":12,"xadvance":21,"chnl":15,"x":136,"y":454,"page":0},{"id":8226,"index":244,"char":"•","width":18,"height":18,"xoffset":1,"yoffset":24,"xadvance":21,"chnl":15,"x":528,"y":531,"page":0},{"id":44,"index":15,"char":",","width":10,"height":17,"xoffset":1,"yoffset":39,"xadvance":12,"chnl":15,"x":155,"y":489,"page":0},{"id":45,"index":16,"char":"-","width":17,"height":9,"xoffset":0,"yoffset":30,"xadvance":18,"chnl":15,"x":113,"y":587,"page":0},{"id":175,"index":112,"char":"¯","width":17,"height":8,"xoffset":2,"yoffset":15,"xadvance":21,"chnl":15,"x":115,"y":507,"page":0},{"id":710,"index":222,"char":"ˆ","width":17,"height":11,"xoffset":2,"yoffset":13,"xadvance":21,"chnl":15,"x":173,"y":559,"page":0},{"id":711,"index":223,"char":"ˇ","width":17,"height":11,"xoffset":2,"yoffset":13,"xadvance":21,"chnl":15,"x":175,"y":474,"page":0},{"id":730,"index":226,"char":"˚","width":15,"height":15,"xoffset":3,"yoffset":9,"xadvance":21,"chnl":15,"x":494,"y":638,"page":0},{"id":8216,"index":236,"char":"‘","width":10,"height":14,"xoffset":1,"yoffset":11,"xadvance":11,"chnl":15,"x":24,"y":847,"page":0},{"id":8217,"index":237,"char":"’","width":10,"height":14,"xoffset":1,"yoffset":15,"xadvance":11,"chnl":15,"x":149,"y":703,"page":0},{"id":8218,"index":238,"char":"‚","width":10,"height":14,"xoffset":1,"yoffset":40,"xadvance":11,"chnl":15,"x":172,"y":738,"page":0},{"id":39,"index":10,"char":"'","width":9,"height":13,"xoffset":1,"yoffset":15,"xadvance":11,"chnl":15,"x":90,"y":598,"page":0},{"id":96,"index":67,"char":"`","width":12,"height":10,"xoffset":2,"yoffset":12,"xadvance":21,"chnl":15,"x":158,"y":358,"page":0},{"id":180,"index":117,"char":"´","width":12,"height":10,"xoffset":7,"yoffset":12,"xadvance":21,"chnl":15,"x":171,"y":205,"page":0},{"id":184,"index":121,"char":"¸","width":11,"height":12,"xoffset":5,"yoffset":44,"xadvance":21,"chnl":15,"x":86,"y":757,"page":0},{"id":46,"index":17,"char":".","width":11,"height":11,"xoffset":1,"yoffset":39,"xadvance":12,"chnl":15,"x":203,"y":231,"page":0},{"id":183,"index":120,"char":"·","width":11,"height":11,"xoffset":1,"yoffset":29,"xadvance":12,"chnl":15,"x":495,"y":408,"page":0},{"id":731,"index":227,"char":"˛","width":11,"height":11,"xoffset":5,"yoffset":47,"xadvance":21,"chnl":15,"x":496,"y":373,"page":0},{"id":729,"index":225,"char":"˙","width":10,"height":10,"xoffset":5,"yoffset":13,"xadvance":21,"chnl":15,"x":176,"y":428,"page":0},{"id":32,"index":3,"char":" ","width":0,"height":0,"xoffset":-2,"yoffset":45,"xadvance":10,"chnl":15,"x":28,"y":129,"page":0},{"id":160,"index":98,"char":" ","width":0,"height":0,"xoffset":-2,"yoffset":45,"xadvance":10,"chnl":15,"x":99,"y":89,"page":0}],"info":{"face":"vigaregular","size":42,"bold":0,"italic":0,"charset":[" ","!","\"","#","$","%","&","'","(",")","*","+",",","-",".","/","0","1","2","3","4","5","6","7","8","9",":",";","<","=",">","?","@","A","B","C","D","E","F","G","H","I","J","K","L","M","N","O","P","Q","R","S","T","U","V","W","X","Y","Z","[","\\","]","^","_","`","a","b","c","d","e","f","g","h","i","j","k","l","m","n","o","p","q","r","s","t","u","v","w","x","y","z","{","|","}","~"," ","¡","¢","£","¤","¥","¦","§","¨","©","ª","«","¬","­","®","¯","°","±","²","³","´","µ","¶","·","¸","¹","º","»","¼","½","¾","¿","À","Á","Â","Ã","Ä","Å","Æ","Ç","È","É","Ê","Ë","Ì","Í","Î","Ï","Ð","Ñ","Ò","Ó","Ô","Õ","Ö","×","Ø","Ù","Ú","Û","Ü","Ý","Þ","ß","à","á","â","ã","ä","å","æ","ç","è","é","ê","ë","ì","í","î","ï","ð","ñ","ò","ó","ô","õ","ö","÷","ø","ù","ú","û","ü","ý","þ","ÿ","Ā","ā","Ă","ă","Ą","ą","Ć","ć","Ĉ","ĉ","Ċ","ċ","Č","č","Ď","ď","Đ","đ","Ē","ē","Ĕ","ĕ","Ė","ė","Ę","ę","Ě","ě","Ĝ","ĝ","Ğ","ğ","Ġ","ġ","Ģ","ģ","Ĥ","ĥ","Ħ","ħ","Ĩ","ĩ","Ī","ī","Ĭ","ĭ","Į","į","İ","ı","Ĵ","ĵ","Ķ","ķ","ĸ","Ĺ","ĺ","Ļ","ļ","Ľ","ľ","Ŀ","ŀ","Ł","ł","Ń","ń","Ņ","ņ","Ň","ň","Ŋ","ŋ","Ō","ō","Ŏ","ŏ","Ő","ő","Œ","œ","Ŕ","ŕ","Ŗ","ŗ","Ř","ř","Ś","ś","Ŝ","ŝ","Ş","ş","Š","š","Ţ","ţ","Ť","ť","Ŧ","ŧ","Ũ","ũ","Ū","ū","Ŭ","ŭ","Ů","ů","Ű","ű","Ų","ų","Ŵ","ŵ","Ŷ","ŷ","Ÿ","Ź","ź","Ż","ż","Ž","ž","Ə","ƒ","Ơ","ơ","Ư","ư","Ǆ","ǅ","ǆ","Ǉ","ǈ","ǉ","Ǌ","ǋ","ǌ","Ǎ","ǎ","Ǐ","ǐ","Ǒ","ǒ","Ǔ","ǔ","Ǖ","ǖ","Ǘ","ǘ","Ǚ","ǚ","Ǜ","ǜ","Ǧ","ǧ","Ǫ","ǫ","Ǻ","ǻ","Ǽ","ǽ","Ǿ","ǿ","Ȁ","ȁ","Ȃ","ȃ","Ȅ","ȅ","Ȇ","ȇ","Ȉ","ȉ","Ȋ","ȋ","Ȍ","ȍ","Ȏ","ȏ","Ȑ","ȑ","Ȓ","ȓ","Ȕ","ȕ","Ȗ","ȗ","Ș","ș","Ț","ț","Ȫ","ȫ","Ȭ","ȭ","Ȱ","ȱ","Ȳ","ȳ","ȷ","ə","ʹ","ʺ","ʻ","ʼ","ʾ","ʿ","ˆ","ˇ","ˈ","ˉ","ˊ","ˋ","ˌ","˘","˙","˚","˛","˜","˝","Ḉ","ḉ","Ḍ","ḍ","Ḏ","ḏ","Ḕ","ḕ","Ḗ","ḗ","Ḝ","ḝ","Ḡ","ḡ","Ḥ","ḥ","Ḫ","ḫ","Ḯ","ḯ","Ḱ","ḱ","Ḷ","ḷ","Ḻ","ḻ","Ṃ","ṃ","Ṅ","ṅ","Ṇ","ṇ","Ṉ","ṉ","Ṍ","ṍ","Ṏ","ṏ","Ṑ","ṑ","Ṓ","ṓ","Ṛ","ṛ","Ṟ","ṟ","Ṡ","ṡ","Ṣ","ṣ","Ṥ","ṥ","Ṧ","ṧ","Ṩ","ṩ","Ṭ","ṭ","Ṯ","ṯ","Ṹ","ṹ","Ṻ","ṻ","Ẁ","ẁ","Ẃ","ẃ","Ẅ","ẅ","Ẏ","ẏ","Ẓ","ẓ","ẗ","ẞ","Ạ","ạ","Ả","ả","Ấ","ấ","Ầ","ầ","Ẩ","ẩ","Ẫ","ẫ","Ậ","ậ","Ắ","ắ","Ằ","ằ","Ẳ","ẳ","Ẵ","ẵ","Ặ","ặ","Ẹ","ẹ","Ẻ","ẻ","Ẽ","ẽ","Ế","ế","Ề","ề","Ể","ể","Ễ","ễ","Ệ","ệ","Ỉ","ỉ","Ị","ị","Ọ","ọ","Ỏ","ỏ","Ố","ố","Ồ","ồ","Ổ","ổ","Ỗ","ỗ","Ộ","ộ","Ớ","ớ","Ờ","ờ","Ở","ở","Ỡ","ỡ","Ợ","ợ","Ụ","ụ","Ủ","ủ","Ứ","ứ","Ừ","ừ","Ử","ử","Ữ","ữ","Ự","ự","Ỳ","ỳ","Ỵ","ỵ","Ỷ","ỷ","Ỹ","ỹ"," "," "," "," "," "," "," "," "," "," "," ","​","‐","‑","‒","–","—","―","‘","’","‚","“","”","„","†","‡","•","…","‰","′","″","‴","‵","‹","›","⁄","⁒","₡","₣","₤","₦","₧","₩","₫","€","₭","₮","₱","₲","₴","₵","₸","₹","₺","₼","₽","←","↑","→","↓","∂","∅","∆","∏","∑","−","∕","∙","√","∞","∫","∶","≈","≠","≡","≢","≤","≥"],"unicode":1,"stretchH":100,"smooth":1,"aa":1,"padding":[2,2,2,2],"spacing":[0,0]},"common":{"lineHeight":56,"base":45,"scaleW":1024,"scaleH":1024,"pages":1,"packed":0,"alphaChnl":0,"redChnl":0,"greenChnl":0,"blueChnl":0},"distanceField":{"fieldType":"msdf","distanceRange":4},"kernings":[]}